Date,Open,High,Low,Close,Adj Close,Volume,Days
2018-02-14,103.580002,107.110001,103.360001,106.68,96.335083,723500,0
2018-02-15,107.040001,107.470001,105.580002,106.949997,96.578888,926900,1
2018-02-16,106.019997,107.57,104.730003,105.589996,95.350777,624300,2
2018-02-20,104.800003,106.459999,103.660004,105.389999,95.170151,621000,3
2018-02-21,105.349998,109.400002,105.349998,106.669998,96.326057,818000,4
2018-02-22,106.739998,109.540001,106.739998,107.510002,97.084595,673000,5
2018-02-23,108.370003,108.540001,106.400002,108.529999,98.005684,549500,6
2018-02-26,109.269997,110.370003,108.620003,109.610001,98.980965,652200,7
2018-02-27,110.199997,111.830002,107.82,107.900002,97.43679,704000,8
2018-02-28,108.389999,109.110001,105.830002,105.839996,95.576546,790800,9
2018-03-01,105.800003,106.959999,103.919998,105.120003,94.926361,771300,10
2018-03-02,104.120003,106.730003,102.519997,106.440002,96.118355,700200,11
2018-03-05,106.220001,108.830002,106.019997,107.419998,97.003319,752200,12
2018-03-06,107.43,107.980003,106.370003,106.959999,96.587921,942400,13
2018-03-07,105.82,107.540001,104.949997,106.970001,96.596954,709300,14
2018-03-08,107,107.339996,104.870003,105.230003,95.025696,627100,15
2018-03-09,105.970001,106.260002,104.5,105.839996,95.576546,735300,16
2018-03-12,105.949997,108.330002,105.5,107.480003,97.057518,643900,17
2018-03-13,108.279999,108.940002,107.199997,107.32,96.91301,566600,18
2018-03-14,108.169998,108.769997,107.330002,107.779999,97.3284,429200,19
2018-03-15,107.989998,108.550003,106.800003,108.440002,97.924416,527200,20
2018-03-16,108.650002,110.25,107.870003,109.150002,98.565575,706500,21
2018-03-19,108.970001,110.68,107.900002,108.32,97.81604,616500,22
2018-03-20,108.68,110.510002,108.580002,110.400002,99.694359,704500,23
2018-03-21,110.440002,111.849998,109.410004,109.470001,98.85453,614300,24
2018-03-22,111.919998,111.919998,107.599998,107.660004,97.220062,941300,25
2018-03-23,107.779999,109.800003,106.959999,107.080002,96.696297,772500,26
2018-03-26,109.120003,110.75,107.980003,110.730003,99.992355,648700,27
2018-03-27,110.639999,111.949997,108.940002,109.589996,98.962891,729600,28
2018-03-28,109.419998,110.779999,108.160004,110.040001,99.824715,771500,29
2018-03-29,111,112.690002,110.57,111.800003,101.421318,668800,30
2018-04-02,111,111.230003,107.230003,108.040001,98.010384,849100,31
2018-04-03,109.089996,109.989998,108.050003,109.839996,99.643265,797900,32
2018-04-04,108.620003,112.940002,108.389999,112.699997,102.237778,1054000,33
2018-04-05,112.879997,114.68,112.75,114.389999,103.770874,819400,34
2018-04-06,113.940002,114.559998,110.639999,111.769997,101.394096,848400,35
2018-04-09,112.660004,113.639999,112.300003,112.470001,102.029114,739900,36
2018-04-10,114.379997,115.349998,113.120003,115.050003,104.369606,774600,37
2018-04-11,114.019997,116.690002,114.019997,114.360001,103.743652,600000,38
2018-04-12,114.5,115.379997,113.690002,113.989998,103.408005,584400,39
2018-04-13,114.449997,114.970001,109.32,111.150002,100.831657,1188500,40
2018-04-16,111.980003,112.589996,111.07,111.989998,101.593681,782100,41
2018-04-17,112.730003,113.82,111.260002,113.410004,102.881851,873400,42
2018-04-18,113.559998,115,111.099998,111.349998,101.013092,610600,43
2018-04-19,111.339996,111.769997,108.910004,110.089996,99.870056,795600,44
2018-04-20,109.690002,110.419998,105.760002,106.269997,96.404678,955000,45
2018-04-23,106.970001,110.120003,106.940002,109.43,99.271317,864500,46
2018-04-24,109.650002,110.989998,107.419998,108.360001,98.300674,732700,47
2018-04-25,108.360001,109.739998,107.639999,108.790001,98.690735,465100,48
2018-04-26,108.720001,110.480003,107.599998,110.010002,99.797493,482200,49
2018-04-27,109.959999,112.129997,109.82,111.040001,100.731865,866500,50
2018-04-30,111.620003,112.360001,109.720001,109.849998,99.652328,643300,51
2018-05-01,108.360001,108.629997,104.629997,106.93,97.003395,1000500,52
2018-05-02,106.790001,107.480003,105.050003,106.559998,96.66777,948000,53
2018-05-03,106.230003,108.360001,105.720001,107.290001,97.329994,977700,54
2018-05-04,106.75,107.269997,105.220001,106.800003,96.885483,809900,55
2018-05-07,106.839996,107.330002,103.980003,106.190002,96.3321,681400,56
2018-05-08,106.5,107.849998,105.82,106.580002,96.685898,1082900,57
2018-05-09,107.260002,110.110001,106.019997,109.849998,99.652328,886400,58
2018-05-10,109.730003,109.82,107.57,108.959999,98.844963,605900,59
2018-05-11,108.75,109.440002,108.169998,109.010002,98.890312,857400,60
2018-05-14,109.690002,111.080002,109.010002,110.480003,100.223862,708300,61
2018-05-15,109.620003,112.330002,109,111.459999,101.112869,814900,62
2018-05-16,112.580002,113.599998,111.360001,112.169998,101.756981,804000,63
2018-05-17,111.790001,114.910004,111.790001,113.620003,103.072357,1173000,64
2018-05-18,113.050003,115.599998,112.379997,115.459999,104.741539,1222100,65
2018-05-21,116.260002,117.889999,115.099998,117.080002,106.211159,1363500,66
2018-05-22,117.110001,117.480003,115.540001,116.610001,105.78479,1788200,67
2018-05-23,122.510002,136.429993,122.129997,133.330002,120.952629,5606600,68
2018-05-24,133.240005,137.440002,131.419998,134.800003,122.286156,2125500,69
2018-05-25,135.089996,137.589996,134.110001,137.300003,124.554092,1474900,70
2018-05-29,136.300003,138.889999,134.600006,135.259995,122.70343,1973900,71
2018-05-30,135.179993,137.059998,134.360001,136.309998,123.656021,1226200,72
2018-05-31,136.490005,136.979996,133.630005,134.580002,122.086586,1375400,73
2018-06-01,136.070007,137.979996,135.009995,137.869995,125.071175,1131400,74
2018-06-04,137.919998,139.110001,136.75,138.470001,125.615471,1013400,75
2018-06-05,137.880005,139.759995,137.25,139.559998,126.604271,1039400,76
2018-06-06,140.100006,140.800003,139.020004,139.600006,126.640579,967300,77
2018-06-07,143.25,145.940002,137.639999,137.860001,125.062103,1849000,78
2018-06-08,135.970001,142.850006,135.550003,142.229996,129.026428,1822600,79
2018-06-11,142.190002,144.419998,141.759995,142.029999,128.844971,1368200,80
2018-06-12,142.220001,144.110001,141.389999,142.899994,129.634216,1087100,81
2018-06-13,142.220001,142.889999,138.850006,138.940002,126.04184,1521000,82
2018-06-14,138.940002,140,137.630005,139.089996,126.177895,1283300,83
2018-06-15,138.529999,140.550003,137.660004,139.710007,126.740387,1237600,84
2018-06-18,138.960007,141.539993,138.029999,140.580002,127.529579,684900,85
2018-06-19,138.779999,139.860001,136.960007,139.410004,126.468201,1232700,86
2018-06-20,139.350006,140.460007,137.910004,138.5,125.642693,1050400,87
2018-06-21,137.210007,137.210007,134.070007,135.089996,122.549225,1023100,88
2018-06-22,135.279999,136.699997,129.850006,130.259995,118.167625,1825700,89
2018-06-25,129.210007,129.539993,125.82,128.009995,116.126495,1359800,90
2018-06-26,127.970001,130.270004,127.919998,128.679993,116.734291,1001000,91
2018-06-27,128.440002,130.100006,126.220001,126.769997,115.00161,733900,92
2018-06-28,126.199997,127.849998,125.470001,126.940002,115.726387,891200,93
2018-06-29,127.699997,129.309998,125.709999,125.720001,114.614166,962200,94
2018-07-02,124.739998,126.120003,124.139999,125.82,114.705322,917500,95
2018-07-03,126.290001,126.870003,124.199997,124.589996,113.583977,391000,96
2018-07-05,125.300003,125.970001,124.5,125.5,114.413589,712000,97
2018-07-06,125.660004,127.559998,124.940002,126.419998,115.252312,585600,98
2018-07-09,126.75,128.169998,125.529999,126.879997,115.671684,815300,99
2018-07-10,127.050003,129.279999,126.860001,129.169998,117.759384,1131200,100
2018-07-11,128.899994,129.089996,126.080002,126.370003,115.206741,741000,101
2018-07-12,126.910004,127.809998,126.160004,127.43,116.173103,639000,102
2018-07-13,127.580002,129.759995,127.120003,127.550003,116.282509,731600,103
2018-07-16,128,130.169998,127.269997,129.899994,118.424896,768100,104
2018-07-17,129.149994,133.529999,129.149994,133.300003,121.524544,1171500,105
2018-07-18,133,133.990005,131.630005,133.610001,121.807167,840200,106
2018-07-19,133.550003,135.490005,133.529999,135.179993,123.238472,639000,107
2018-07-20,135.380005,138.169998,135.009995,136.559998,124.496574,1086000,108
2018-07-23,136.729996,137.449997,135.070007,135.259995,123.311386,732700,109
2018-07-24,135.669998,136.399994,132.990005,133.350006,121.570152,937400,110
2018-07-25,133.570007,137.25,133.320007,137.169998,125.052696,923000,111
2018-07-26,138,139.389999,136.020004,136.669998,124.596878,809400,112
2018-07-27,136.559998,136.869995,134.660004,136.050003,124.031647,750500,113
2018-07-30,136.149994,137.529999,134.860001,135.889999,123.885765,1258200,114
2018-07-31,145,147.789993,133.320007,134.979996,123.056152,2985300,115
2018-08-01,133.960007,135.630005,127.800003,128.850006,117.467667,1756900,116
2018-08-02,128.279999,131.350006,127.43,130.5,118.971901,1048400,117
2018-08-03,131.070007,131.619995,129.610001,130.360001,118.844276,1056700,118
2018-08-06,130.729996,132.509995,129.270004,131.770004,120.129715,1181000,119
2018-08-07,132.309998,133.869995,130.809998,133.320007,121.542801,836100,120
2018-08-08,133.770004,135.360001,133.149994,134.25,122.390633,624900,121
2018-08-09,134.229996,137.860001,133.619995,136.630005,124.560402,894200,122
2018-08-10,135.669998,137.350006,134.839996,136.380005,124.332466,640500,123
2018-08-13,137.229996,137.360001,135.509995,136.610001,124.542152,997900,124
2018-08-14,137.289993,138.940002,137.240005,138.5,126.265205,1309400,125
2018-08-15,137.410004,137.410004,131.149994,131.660004,120.029419,894300,126
2018-08-16,132.600006,132.830002,131.429993,132.350006,120.658501,805400,127
2018-08-17,132.860001,136.029999,132.300003,135.410004,123.448151,842600,128
2018-08-20,135.779999,139.419998,135.509995,138.910004,126.638969,1190300,129
2018-08-21,139.5,141.619995,138.839996,139.410004,127.094803,754600,130
2018-08-22,139.240005,141.210007,137.199997,137.479996,125.335304,528700,131
2018-08-23,137.529999,139.139999,137.389999,137.740005,125.572342,638400,132
2018-08-24,137.509995,138.330002,136.089996,136.699997,124.624214,731900,133
2018-08-27,137.600006,138.350006,135.139999,136.130005,124.104576,749500,134
2018-08-28,136.149994,137.389999,134.229996,135.869995,123.867508,849600,135
2018-08-29,135.470001,135.970001,131.160004,134.910004,122.992332,1070100,136
2018-08-30,134.479996,136.289993,131.330002,131.820007,120.175301,1084800,137
2018-08-31,131.889999,133.529999,131.270004,132.809998,121.07785,872200,138
2018-09-04,131.710007,133.020004,129.369995,130.880005,119.318344,1276700,139
2018-09-05,130.25,131.660004,129.779999,131.179993,119.591827,1026400,140
2018-09-06,131.940002,133.759995,131.029999,131.059998,119.482437,676200,141
2018-09-07,130.449997,131.509995,129.460007,130.039993,118.552544,731200,142
2018-09-10,130.490005,133.649994,129.869995,133.119995,121.360451,1057500,143
2018-09-11,132.460007,132.869995,131.139999,131.570007,119.94738,1147300,144
2018-09-12,131.889999,134.699997,131.509995,134.330002,122.463554,802200,145
2018-09-13,134.759995,135.660004,132.839996,133.270004,121.497215,667400,146
2018-09-14,133.610001,133.610001,131.149994,131.740005,120.102371,695300,147
2018-09-17,132.070007,132.830002,130.710007,131.550003,119.929146,912200,148
2018-09-18,132.029999,132.809998,130.899994,132.220001,120.539948,682600,149
2018-09-19,132.660004,134.589996,132.119995,134.130005,122.281235,894500,150
2018-09-20,136.580002,137.240005,135.160004,136.119995,124.095444,780100,151
2018-09-21,136.25,137.990005,135.149994,136.570007,124.505684,1140100,152
2018-09-24,136.509995,136.820007,133.089996,133.940002,122.108025,647900,153
2018-09-25,134.270004,134.75,132.289993,134.479996,122.600304,604200,154
2018-09-26,134.720001,138.580002,133.279999,137.440002,125.298866,645200,155
2018-09-27,136.889999,139.199997,136.179993,137.660004,126.072701,769500,156
2018-09-28,137.619995,139.559998,137.190002,137.550003,125.97197,742600,157
2018-10-01,137.690002,139.5,135.139999,135.440002,124.039581,695000,158
2018-10-02,135.380005,135.770004,129.889999,129.960007,119.020859,1247500,159
2018-10-03,130.600006,133.970001,130.039993,132.990005,121.795807,878100,160
2018-10-04,132.300003,132.899994,125.860001,126.559998,115.907028,1525900,161
2018-10-05,127.110001,128.169998,125.169998,126.459999,115.81546,1495600,162
2018-10-08,126.190002,128.919998,125.879997,128.020004,117.244148,772700,163
2018-10-09,127.669998,129.350006,127.059998,127.739998,116.987709,570200,164
2018-10-10,125.339996,125.339996,116.800003,116.959999,107.115105,1920700,165
2018-10-11,116.959999,120.300003,116.080002,117.650002,107.747017,1305000,166
2018-10-12,119.470001,121.889999,119.129997,121.419998,111.199669,1773100,167
2018-10-15,127.599998,127.599998,124.199997,126.510002,115.861244,2300700,168
2018-10-16,126.809998,129.289993,125.389999,129.160004,118.288193,1119600,169
2018-10-17,129.550003,129.800003,126.839996,128.169998,117.3815,932100,170
2018-10-18,127.400002,129.5,125.75,126.650002,115.989449,990700,171
2018-10-19,126,127.599998,122.480003,123.480003,113.086281,1389600,172
2018-10-22,124.269997,128.320007,123.82,128.059998,117.280777,1128200,173
2018-10-23,125.800003,128.710007,124.120003,127.830002,117.070129,1020500,174
2018-10-24,127.739998,129.320007,124.150002,124.410004,113.938011,1056000,175
2018-10-25,124.900002,127.68,124.760002,127.040001,116.346626,1310900,176
2018-10-26,125.620003,128,124.150002,127.220001,116.511475,901200,177
2018-10-29,130,133.220001,129,130.880005,119.863426,1230800,178
2018-10-30,131.389999,132.460007,127.940002,131.089996,120.055725,1547900,179
2018-10-31,131.949997,133.509995,129.509995,129.610001,118.70031,1551200,180
2018-11-01,129.460007,132.880005,127.5,132.449997,121.301247,1900900,181
2018-11-02,133.570007,134.899994,131.429993,134.029999,122.748245,1077300,182
2018-11-05,133.770004,137.339996,131.25,136.800003,125.28511,1568900,183
2018-11-06,130.25,134.800003,124.779999,127.790001,117.033501,5409600,184
2018-11-07,126,128.100006,120.169998,127.400002,116.676323,2737700,185
2018-11-08,127.480003,132.25,125.849998,132.210007,121.081459,1725700,186
2018-11-09,130.639999,131.559998,123.900002,123.93,113.498398,2079400,187
2018-11-12,124.919998,126.510002,120.82,121.029999,110.842529,1723700,188
2018-11-13,121.550003,124.129997,120.730003,121.419998,111.199669,886600,189
2018-11-14,122.989998,126.589996,121.790001,122.190002,111.904861,1505800,190
2018-11-15,121.900002,121.900002,116.5,119.82,109.73436,1539700,191
2018-11-16,118.940002,119.199997,116.639999,117.279999,107.408157,1294200,192
2018-11-19,117.489998,117.989998,112.589996,113.440002,103.891396,1525200,193
2018-11-20,110.849998,113.220001,108.370003,111.379997,102.004776,1816100,194
2018-11-21,112.110001,115.269997,112.110001,114.800003,105.136932,956100,195
2018-11-23,114.080002,115.730003,113.769997,114.900002,105.228493,464300,196
2018-11-26,115.769997,117.5,115.610001,117.07,107.215843,887900,197
2018-11-27,116.309998,116.309998,111.660004,112.559998,103.085457,1540400,198
2018-11-28,112.220001,113.459999,110.540001,112.480003,103.012192,1528900,199
2018-11-29,112.559998,113.379997,111.099998,111.290001,101.922371,878800,200
2018-11-30,110.68,113.169998,110.389999,111.400002,102.023094,1548700,201
2018-12-03,113.459999,115.510002,113.330002,114.940002,105.265121,1750000,202
2018-12-04,115.089996,115.510002,109.239998,109.870003,100.621887,1392100,203
2018-12-06,107.5,108.959999,105.190002,108.830002,99.669418,1781700,204
2018-12-07,108.769997,110,104.559998,104.900002,96.070221,1959800,205
2018-12-10,104.470001,106.110001,102.239998,105.139999,96.290016,1187000,206
2018-12-11,106.959999,108.169998,104.110001,105.309998,96.445702,1019000,207
2018-12-12,106.230003,109.480003,106.230003,108.139999,99.037483,1405600,208
2018-12-13,108.370003,108.620003,102.559998,103.480003,94.769753,1227900,209
2018-12-14,102.089996,105.169998,101.050003,101.5,92.956421,1105600,210
2018-12-17,99.980003,102.5,97.800003,100.959999,92.461868,1658900,211
2018-12-18,101.910004,103.540001,101.32,102.480003,93.853912,1082300,212
2018-12-19,102.480003,104.419998,100.43,101.050003,92.544296,970600,213
2018-12-20,100.82,102.360001,97.949997,99.389999,91.024017,1083300,214
2018-12-21,99.699997,101.769997,97.489998,97.529999,89.320572,1788800,215
2018-12-24,97.480003,97.949997,95.629997,96.199997,88.102524,440100,216
2018-12-26,97.029999,101.980003,97.029999,101.93,93.350212,754400,217
2018-12-27,100.459999,102.050003,98.150002,102.050003,94.03672,1099000,218
2018-12-28,102.639999,104.32,101.050003,101.779999,93.78791,923300,219
2018-12-31,102.540001,103.919998,101.150002,103.459999,95.335999,818300,220
2019-01-02,101.540001,106.629997,101.18,105.440002,97.16053,875400,221
2019-01-03,104.910004,104.910004,100.440002,100.68,92.774284,1157800,222
2019-01-04,102.550003,105.75,102.489998,104.790001,96.561577,871500,223
2019-01-07,105.650002,107.510002,105.239998,106.699997,98.321571,1285300,224
2019-01-08,108.269997,109.190002,106.57,108.330002,99.823608,922500,225
2019-01-09,109.639999,110.540001,108.839996,109.459999,100.864861,791500,226
2019-01-10,107.489998,107.760002,104.779999,106.860001,98.469017,1241200,227
2019-01-11,106.730003,108.790001,105.330002,105.43,97.151306,1081200,228
2019-01-14,104.730003,108.260002,104.720001,106.669998,98.293945,1299000,229
2019-01-15,106.730003,107.309998,104.860001,106.169998,97.833214,653700,230
2019-01-16,106.18,106.889999,105.309998,105.629997,97.335602,1033700,231
2019-01-17,104.809998,109.32,104.779999,107.879997,99.408936,634300,232
2019-01-18,109.449997,112.160004,109.080002,111.57,102.809181,978900,233
2019-01-22,111,111.989998,108.809998,109.330002,100.745079,797900,234
2019-01-23,109.959999,111.190002,109.010002,110.279999,101.620476,719700,235
2019-01-24,110.529999,111.099998,109,110.940002,102.228661,611100,236
2019-01-25,112.269997,113.860001,111.480003,113.639999,104.716629,817700,237
2019-01-28,112.629997,115.230003,112.150002,115.089996,106.052773,810400,238
2019-01-29,115.860001,116.440002,114.300003,116.150002,107.029549,821400,239
2019-01-30,117.43,117.489998,115.860001,116.949997,107.766724,575800,240
2019-01-31,117.900002,117.900002,115.230003,116.139999,107.020325,916500,241
2019-02-01,116.300003,117.260002,115.349998,115.779999,106.688599,1254200,242
2019-02-04,115.760002,116.160004,113.889999,114.550003,105.555183,1284900,243
2019-02-05,122.660004,128.649994,122.099998,124.160004,114.410576,3927200,244
2019-02-06,124.809998,126.199997,123.139999,126.080002,116.17981,1643000,245
2019-02-07,125.050003,126.260002,123.639999,125.5,115.64534,1605800,246
2019-02-08,124.93,126.150002,124.209999,125.029999,115.212265,1474600,247
2019-02-11,125.5,126.410004,125.169998,125.599998,115.737495,824800,248
2019-02-12,126.190002,128,125.800003,126.660004,116.714279,1106400,249
2019-02-13,126.970001,127.449997,123.019997,123.239998,113.562805,1747900,250
2019-02-14,121.910004,123.480003,119.580002,122.790001,113.148155,1503600,251
2019-02-15,123.959999,125.360001,122.860001,125.089996,115.26754,1063000,252
2019-02-19,124.870003,126.190002,124.169998,125.449997,115.599281,939700,253
2019-02-20,125.809998,126.050003,124.360001,125.330002,115.488701,694700,254
2019-02-21,125.419998,128,124.660004,126.239998,116.32724,1460300,255
2019-02-22,126.440002,128.110001,126.440002,127.120003,117.138153,672700,256
2019-02-25,128.130005,128.919998,126.720001,127.150002,117.165802,948400,257
2019-02-26,127.199997,128,126.379997,126.510002,116.576035,519700,258
2019-02-27,126.389999,127.449997,125.360001,127.230003,117.239517,984400,259
2019-02-28,126.919998,127.099998,125.089996,125.169998,115.341255,694100,260
2019-03-01,127.050003,129.75,125.809998,126.970001,116.999916,938500,261
2019-03-04,126.959999,127.739998,125,125.419998,115.571617,824800,262
2019-03-05,125.830002,126.830002,124.839996,124.870003,115.064827,545500,263
2019-03-06,125.07,125.279999,122.739998,124.089996,114.346069,844400,264
2019-03-07,123.389999,124.389999,122.290001,123.349998,113.664177,785900,265
2019-03-08,122.150002,122.620003,120.349998,122.059998,112.475471,977900,266
2019-03-11,122.169998,123.699997,121.970001,123.459999,113.765549,566100,267
2019-03-12,123.650002,124.110001,121.5,122.849998,113.20343,558600,268
2019-03-13,123.400002,124,121.519997,121.68,112.125305,1397900,269
2019-03-14,121.720001,122.349998,120.639999,121.529999,111.987091,1147200,270
2019-03-15,121.330002,122.339996,120.400002,120.779999,111.295967,1418100,271
2019-03-18,121.489998,124.440002,121.139999,124.209999,114.456642,901900,272
2019-03-19,124.290001,126.43,124.290001,124.809998,115.009537,952000,273
2019-03-20,124.57,124.82,121.940002,122.75,113.111282,604000,274
2019-03-21,122.68,124.970001,122.459999,124.639999,114.85289,757400,275
2019-03-22,124.089996,124.279999,120.129997,120.230003,110.789185,768900,276
2019-03-25,119.709999,122.690002,119.290001,122.589996,112.963852,569900,277
2019-03-26,123.410004,124.529999,121.480003,122.269997,112.668976,655000,278
2019-03-27,125.139999,126.440002,124.07,125.339996,115.49791,1229100,279
2019-03-28,127.5,131.199997,127.5,129.399994,119.836662,1358500,280
2019-03-29,130.210007,130.589996,128.860001,129.679993,120.09597,1054400,281
2019-04-01,130.979996,131.029999,128.440002,128.990005,119.456978,906800,282
2019-04-02,128.570007,128.570007,126.400002,127.290001,117.882622,682000,283
2019-04-03,128.399994,128.479996,126.940002,127.32,117.910393,585300,284
2019-04-04,127.389999,128.529999,127.019997,128.369995,118.882797,593800,285
2019-04-05,128.619995,129.899994,127.370003,127.589996,118.160431,511900,286
2019-04-08,127.449997,127.879997,126.529999,127.400002,117.984482,922700,287
2019-04-09,126.82,127.25,125.389999,125.949997,116.64164,898800,288
2019-04-10,126.300003,127.32,125.790001,126.459999,117.11396,835200,289
2019-04-11,126.830002,127.459999,125.830002,126.559998,117.206558,895500,290
2019-04-12,126.989998,128.559998,126.989998,128.149994,118.679039,1555400,291
2019-04-15,128.300003,129.210007,125.919998,127.18,117.780754,1221400,292
2019-04-16,127.260002,130.75,126.809998,129.559998,119.984848,714400,293
2019-04-17,130.009995,132.570007,129.520004,131.759995,122.022232,1286900,294
2019-04-18,131.570007,133.289993,130.990005,131.100006,121.411034,830700,295
2019-04-22,130.580002,132.240005,129.800003,130.75,121.086906,686200,296
2019-04-23,131.220001,132.399994,130.580002,132.070007,122.309349,655000,297
2019-04-24,132.350006,133.630005,131.279999,132.029999,122.272308,718900,298
2019-04-25,131.759995,131.759995,129.139999,129.729996,120.142281,873400,299
2019-04-26,130.789993,131.759995,128.869995,131.190002,121.494377,780100,300
2019-04-29,130.979996,132.130005,130.529999,132.089996,122.327866,648500,301
2019-04-30,131.580002,132.25,131.080002,131.580002,121.855568,548800,302
2019-05-01,131.809998,133.100006,129.710007,129.710007,120.123772,862900,303
2019-05-02,130.240005,132.649994,130.229996,131.889999,122.142662,553900,304
2019-05-03,131.910004,132.759995,130.869995,131.289993,121.586998,565300,305
2019-05-06,128.600006,129.130005,126.849998,128.220001,118.743889,669300,306
2019-05-07,126.93,127.269997,122.860001,123.910004,114.752411,983200,307
2019-05-08,123.370003,125.610001,122.730003,124.389999,115.196938,723600,308
2019-05-09,125.760002,126.440002,123.199997,125.68,116.391609,843000,309
2019-05-10,124.980003,125.580002,121.739998,124.269997,115.0858,1069000,310
2019-05-13,121.709999,121.709999,117.639999,118.279999,109.53849,1999400,311
2019-05-14,116.300003,116.910004,108.510002,113.949997,105.528519,4736000,312
2019-05-15,112.93,116.099998,112.260002,115.68,107.130661,2292400,313
2019-05-16,115.839996,116.639999,114.57,114.75,106.269409,1348500,314
2019-05-17,113.860001,115.010002,112.120003,112.510002,104.194939,1809300,315
2019-05-20,111.75,112.300003,110.470001,111.919998,103.648537,1515500,316
2019-05-21,112.25,114.620003,112.169998,113.970001,105.547035,1195200,317
2019-05-22,112.849998,114.900002,112.589996,112.790001,104.454231,1188100,318
2019-05-23,111.709999,112.029999,108.839996,109.239998,101.166588,1343400,319
2019-05-24,109.800003,110.440002,108.57,109.239998,101.166588,902800,320
2019-05-28,109.699997,110.760002,107.599998,108.019997,100.036758,1002600,321
2019-05-29,106.800003,107,104.730003,105.989998,98.156792,1627800,322
2019-05-30,105.169998,106.57,104.169998,105.029999,97.267738,1473500,323
2019-05-31,103.809998,105.160004,102.769997,105.129997,97.360359,1230100,324
2019-06-03,104.690002,108.160004,104.690002,107.25,99.323669,1244200,325
2019-06-04,108.639999,112.360001,108.5,111.760002,103.500359,1673300,326
2019-06-05,113,113.489998,108.580002,110.980003,102.778015,1050900,327
2019-06-06,110.769997,111.379997,108.779999,109.470001,101.379593,906300,328
2019-06-07,110.040001,111.470001,109.389999,110.879997,102.685402,922000,329
2019-06-10,111.510002,114.690002,111.459999,113.660004,105.259933,844600,330
2019-06-11,114.489998,115.879997,113.699997,113.860001,105.445168,803300,331
2019-06-12,113.540001,114.470001,112.300003,112.669998,104.343117,658000,332
2019-06-13,113.300003,113.790001,110.610001,112.620003,104.296806,837300,333
2019-06-14,112.900002,113.440002,111.980003,112.129997,103.843018,822500,334
2019-06-17,111.970001,113.400002,111.410004,112.300003,104.000458,653200,335
2019-06-18,112.68,115.440002,112.510002,113.379997,105.000641,797300,336
2019-06-19,113.529999,113.529999,110.940002,112.650002,104.324593,847000,337
2019-06-20,113.339996,115.5,112.839996,114.910004,106.417564,840400,338
2019-06-21,115.18,118.010002,114.120003,117.779999,109.075439,1044200,339
2019-06-24,117.580002,118.650002,116.190002,116.940002,108.297523,871700,340
2019-06-25,116.800003,116.959999,112.910004,113.68,105.278458,926600,341
2019-06-26,114.510002,116.529999,114.379997,115.360001,106.834305,766400,342
2019-06-27,115.300003,115.339996,111.790001,113.099998,105.369743,929800,343
2019-06-28,113.360001,114.940002,113.010002,113.589996,105.826241,938100,344
2019-07-01,115.599998,117.980003,112.580002,113.660004,105.891472,1194200,345
2019-07-02,113.209999,113.300003,109.879997,110.269997,102.73317,1163500,346
2019-07-03,110.720001,111.139999,108.650002,110.489998,102.938133,1095800,347
2019-07-05,110.080002,111.019997,109.150002,110.989998,103.403946,992800,348
2019-07-08,110.610001,111.68,109.839996,111.339996,103.730034,729300,349
2019-07-09,110.779999,111.699997,110.139999,110.589996,103.031281,1040500,350
2019-07-10,110.889999,110.949997,107.550003,109.559998,102.071701,1179400,351
2019-07-11,109.889999,111.360001,109.010002,111.110001,103.515755,879700,352
2019-07-12,111.339996,113.620003,111.059998,112.470001,104.782799,813400,353
2019-07-15,111.870003,113.300003,110.989998,112.57,104.875969,840600,354
2019-07-16,112.639999,115.5,112.25,115.199997,107.326202,993000,355
2019-07-17,111.489998,112.309998,109.349998,110.800003,103.226952,1869500,356
2019-07-18,110.860001,111.339996,108.949997,109.389999,101.913322,897400,357
2019-07-19,110.139999,111.730003,109.879997,110.269997,102.73317,1213400,358
2019-07-22,109.959999,110.900002,107.150002,107.400002,100.059334,898500,359
2019-07-23,107.629997,109.18,107.5,108.889999,101.447479,896800,360
2019-07-24,109.489998,110.779999,108.059998,109.730003,102.230087,921500,361
2019-07-25,109.339996,111.339996,109.339996,110.25,102.714539,845100,362
2019-07-26,109.669998,110.580002,108.559998,110.080002,102.55616,814000,363
2019-07-29,109.709999,111.980003,109.089996,111.269997,103.664825,1447100,364
2019-07-30,115,115,106,107.129997,99.807785,2726900,365
2019-07-31,107.290001,107.510002,103.260002,104.230003,97.106003,2371300,366
2019-08-01,104,104.839996,97.389999,98.620003,91.87944,2171400,367
2019-08-02,98.330002,99.669998,97.480003,98.879997,92.121674,1643800,368
2019-08-05,97.050003,97.720001,94.599998,95.730003,89.186966,1699900,369
2019-08-06,96.32,96.559998,94.580002,95.690002,89.149689,1117000,370
2019-08-07,94.669998,95.730003,94.029999,95.199997,88.693184,1655700,371
2019-08-08,95.870003,97.970001,95.419998,97.010002,90.379478,1247900,372
2019-08-09,96.690002,96.690002,93.209999,93.720001,87.314339,1139200,373
2019-08-12,92.980003,93.910004,91.370003,91.93,85.646683,970100,374
2019-08-13,91.459999,96.769997,89.919998,93.410004,87.025528,1518100,375
2019-08-14,89.879997,90.959999,86.580002,87.849998,81.845551,1693600,376
2019-08-15,88.010002,88.269997,83.5,85.07,79.255562,2473900,377
2019-08-16,85.730003,87.209999,85.150002,86.940002,80.997749,1387800,378
2019-08-19,88.529999,88.580002,86.830002,87.150002,81.193398,1291400,379
2019-08-20,86.230003,87.540001,86.110001,86.82,80.885956,858500,380
2019-08-21,88.290001,88.489998,86.32,87.07,81.118851,937200,381
2019-08-22,87.779999,88.400002,87.040001,87.900002,81.892136,1076800,382
2019-08-23,86.389999,86.870003,83.529999,83.910004,78.174858,1453600,383
2019-08-26,84.730003,85.339996,82.690002,83.629997,77.913979,970100,384
2019-08-27,84.099998,86.059998,83.419998,85.419998,79.581642,2011600,385
2019-08-28,85.260002,88.309998,85.18,87.739998,81.743065,1739000,386
2019-08-29,89.150002,91.239998,87.260002,87.989998,81.975975,1315900,387
2019-08-30,88.610001,89.529999,88.040001,88.339996,82.302063,1171500,388
2019-09-03,87.220001,88.639999,86.160004,86.940002,80.997749,1064400,389
2019-09-04,88.059998,90.550003,88.059998,89.800003,83.662277,1143900,390
2019-09-05,91.860001,94.470001,91.800003,94.260002,87.817444,1691900,391
2019-09-06,95.010002,95.610001,94.230003,94.580002,88.11557,1418500,392
2019-09-09,95.150002,97.480003,94.730003,96.849998,90.230423,1558800,393
2019-09-10,96.57,99.349998,96.519997,98.699997,91.953957,1444600,394
2019-09-11,98.699997,100.519997,95.169998,100.360001,93.500511,1315800,395
2019-09-12,99.379997,101.040001,95.769997,100.580002,93.705475,1758000,396
2019-09-13,101.410004,103.580002,101.089996,102.260002,95.270645,1560900,397
2019-09-16,101.389999,103.879997,101.389999,103.150002,96.099823,1016100,398
2019-09-17,102.559998,102.559998,97.919998,99.050003,92.280052,1513500,399
2019-09-18,98.589996,99.739998,97.32,98.540001,91.804909,870100,400
2019-09-19,98.68,98.82,95.410004,95.849998,89.298759,969100,401
2019-09-20,96.080002,96.82,92.949997,92.970001,86.615601,1821700,402
2019-09-23,92.589996,93.709999,91.660004,92.730003,86.392014,1529000,403
2019-09-24,95.080002,95.080002,91.949997,92.599998,86.270897,992000,404
2019-09-25,92.900002,94.75,92.779999,94.019997,87.593849,1218000,405
2019-09-26,93.669998,93.669998,92.449997,93.129997,87.404259,687100,406
2019-09-27,93.730003,95.089996,93.059998,94.239998,88.446022,811300,407
2019-09-30,94.660004,95.709999,93.800003,95.470001,89.600395,783900,408
2019-10-01,95.779999,96.300003,91.510002,91.540001,85.912018,901100,409
2019-10-02,90.709999,90.889999,89.050003,89.480003,83.978676,951100,410
2019-10-03,89.389999,92.040001,88.019997,91.970001,86.315575,1196700,411
2019-10-04,91.790001,92.220001,89.940002,91.449997,85.827538,733100,412
2019-10-07,91.339996,92.739998,90.879997,91.559998,85.930786,831300,413
2019-10-08,90.300003,91.120003,88.669998,89.980003,84.447945,909800,414
2019-10-09,90.959999,91.379997,89.290001,90.279999,84.729485,637800,415
2019-10-10,90.419998,91.870003,89.610001,90.019997,84.485458,982100,416
2019-10-11,91.68,94.870003,91.269997,93.720001,87.957985,1233600,417
2019-10-14,92.879997,93.029999,91.379997,92.449997,86.766068,772400,418
2019-10-15,92.470001,93.919998,91.900002,93.220001,87.488731,771000,419
2019-10-16,93.029999,94.449997,92.120003,94.32,88.521103,1063000,420
2019-10-17,95.07,96.120003,94.25,95.080002,89.234375,627800,421
2019-10-18,93.18,95.389999,93.019997,94.970001,89.131134,1124600,422
2019-10-21,96.169998,96.709999,95.699997,96.470001,90.53891,761200,423
2019-10-22,96.809998,98.800003,95.5,98.599998,92.537949,813800,424
2019-10-23,98.279999,99.050003,96.739998,97.129997,91.158348,918800,425
2019-10-24,97.139999,97.18,94.139999,97.120003,91.148956,782200,426
2019-10-25,95.699997,99.75,94.75,98.790001,92.716278,961500,427
2019-10-28,98.510002,100.410004,97.610001,97.720001,91.712051,975400,428
2019-10-29,97.25,97.470001,96.099998,96.099998,90.191666,800800,429
2019-10-30,96.080002,96.870003,94.809998,96.599998,90.660919,632300,430
2019-10-31,95.720001,96.269997,94.050003,96.059998,90.154114,910400,431
2019-11-01,97.029999,98.470001,96.93,97.989998,91.965446,672400,432
2019-11-04,98.639999,99.650002,98.550003,99.040001,92.950912,732500,433
2019-11-05,99.830002,103.379997,99.43,102.059998,95.785233,1496600,434
2019-11-06,101.870003,101.870003,98.519997,100.879997,94.677773,1879000,435
2019-11-07,114.440002,116.120003,110.949997,115.669998,108.558479,5707600,436
2019-11-08,115.559998,115.849998,111.559998,113.769997,106.775291,1555800,437
2019-11-11,112.699997,114.660004,111.849998,114.010002,107.000542,1611300,438
2019-11-12,114,114.690002,111.199997,111.360001,104.513458,1509500,439
2019-11-13,111.120003,111.900002,109.769997,110.660004,103.856491,1240800,440
2019-11-14,110.459999,112.489998,110.459999,111.389999,104.541618,901400,441
2019-11-15,111.790001,113,111.370003,112.610001,105.686607,750200,442
2019-11-18,112.209999,113.720001,111.519997,113.360001,106.390495,993600,443
2019-11-19,112.440002,113.169998,109.900002,110.470001,103.678177,1268200,444
2019-11-20,109.419998,109.900002,106.400002,106.910004,100.337067,1701800,445
2019-11-21,107.010002,108.120003,103.43,103.709999,97.333794,1970500,446
2019-11-22,104.82,107.809998,104.150002,107.610001,100.994003,843400,447
2019-11-25,108.540001,109.459999,106.879997,108.93,102.232857,845900,448
2019-11-26,109.419998,109.919998,107.470001,108.510002,101.838684,1001000,449
2019-11-27,109.300003,109.669998,107.82,108.709999,102.026382,671800,450
2019-11-29,108.540001,108.660004,106.959999,107.339996,100.740608,358200,451
2019-12-02,107.919998,108.639999,106.269997,106.82,100.252579,635600,452
2019-12-03,104.68,106,103.900002,105.550003,99.060669,859200,453
2019-12-04,105.769997,109.580002,105.480003,108.690002,102.007599,1098200,454
2019-12-05,109.459999,112.220001,108.93,112.059998,105.170418,1296100,455
2019-12-06,113.010002,114.199997,111.599998,111.669998,104.804398,903600,456
2019-12-09,111.669998,113.800003,111.599998,113.25,106.287262,898500,457
2019-12-10,113.419998,114.330002,112.669998,114,106.991142,1120400,458
2019-12-11,113.32,113.709999,111.449997,111.629997,104.766861,1065000,459
2019-12-12,111.959999,116.540001,111.449997,115.75,108.63356,1242400,460
2019-12-13,115.889999,117.25,113.82,116.919998,109.731628,1508400,461
2019-12-16,117.550003,118.599998,116.959999,117.709999,110.473053,1064900,462
2019-12-17,117.470001,117.970001,116.540001,117.459999,110.238419,750900,463
2019-12-18,117.919998,119.610001,117.599998,118.980003,111.664978,984200,464
2019-12-19,119.029999,119.120003,117.040001,117.529999,110.304115,950500,465
2019-12-20,118.07,118.82,117.050003,118.43,111.148781,1267600,466
2019-12-23,118.489998,118.760002,116.860001,117.790001,110.548149,593000,467
2019-12-24,118.050003,118.650002,117.82,118.339996,111.064323,226700,468
2019-12-26,117.830002,120.459999,117.379997,118.400002,111.770439,448400,469
2019-12-27,119.010002,119.779999,116.940002,117.410004,110.835876,548900,470
2019-12-30,117.559998,118.059998,116.480003,116.580002,110.052361,507200,471
2019-12-31,116.459999,117.790001,116.400002,117.220001,110.656517,394100,472
2020-01-02,117.949997,118.940002,116.919998,118.790001,112.138603,781100,473
2020-01-03,116.5,118.410004,116.470001,118.160004,111.543884,551700,474
2020-01-06,116.660004,119.870003,116.660004,119.809998,113.101494,1085100,475
2020-01-07,119.940002,121.559998,119.25,120.330002,113.592384,652400,476
2020-01-08,120.800003,121.480003,118.93,120,113.280853,720900,477
2020-01-09,119.410004,120.099998,116.800003,117.93,111.326759,877000,478
2020-01-10,117.769997,118.800003,117.099998,117.959999,111.35508,438700,479
2020-01-13,118,119.93,117.769997,119.849998,113.139252,683400,480
2020-01-14,120.379997,121.209999,119.419998,119.489998,112.799408,641800,481
2020-01-15,118.93,119.629997,117.75,118.349998,111.723244,500900,482
2020-01-16,119.410004,120.349998,119.209999,120.309998,113.573494,397500,483
2020-01-17,120.699997,122.139999,120.199997,122.099998,115.263275,687600,484
2020-01-21,122.110001,122.129997,118.519997,119.010002,112.346283,1174900,485
2020-01-22,118.769997,119.449997,117.209999,117.269997,110.703712,537700,486
2020-01-23,115.860001,118.389999,114.099998,118.019997,111.41172,606200,487
2020-01-24,118.099998,118.82,115.099998,116.230003,109.721954,560400,488
2020-01-27,113.32,114.419998,112.589996,112.959999,106.635033,815300,489
2020-01-28,114.019997,114.019997,111.269997,112.660004,106.351845,1346100,490
2020-01-29,113.650002,114.790001,112.730003,113.190002,106.852165,776500,491
2020-01-30,111.980003,116.449997,111.849998,116.25,109.740829,793400,492
2020-01-31,116.410004,116.410004,112.889999,113.5,107.144806,1129400,493
2020-02-03,114.160004,114.629997,113.110001,113.260002,106.918243,1539200,494
2020-02-04,124.010002,126.949997,120,123.68,116.754799,2714800,495
2020-02-05,124.889999,128.289993,121.949997,122.510002,115.650307,1424100,496
2020-02-06,123.550003,124.449997,121.360001,121.419998,114.621338,846500,497
2020-02-07,120.239998,122.040001,119.459999,120.559998,113.809494,809000,498
2020-02-10,120.07,120.889999,119.519997,120.650002,113.894455,775500,499
2020-02-11,120.910004,121.370003,119.449997,120.370003,113.630135,756900,500
2020-02-12,121.440002,124.18,121.440002,123.690002,116.764236,746100,501
2020-02-13,121.900002,123.169998,120.610001,122.980003,116.094009,758800,502
2020-02-14,122.449997,122.739998,120.360001,121.839996,115.017822,883900,503
2020-02-18,121.080002,122.580002,120.599998,120.610001,113.856697,956700,504
2020-02-19,120.940002,121.360001,119.059998,119.800003,113.092049,856500,505
2020-02-20,119.470001,121.900002,118.900002,121.860001,115.036705,824700,506
2020-02-21,120.629997,121.199997,116.800003,117.459999,110.883072,914400,507
2020-02-24,110,110.980003,108.410004,109.610001,103.472626,1429100,508
2020-02-25,111.129997,111.129997,102.089996,102.760002,97.006172,1526500,509
2020-02-26,103.610001,105.510002,101.400002,101.580002,95.892235,1524100,510
2020-02-27,98.639999,104.529999,97.220001,101.610001,95.920563,2105900,511
2020-02-28,98.040001,105.519997,98.040001,105.510002,99.602196,1679600,512
2020-03-02,105.709999,107.610001,103.959999,107.610001,101.584602,1555600,513
2020-03-03,107.949997,111.639999,104.629997,106.43,100.47068,3347000,514
2020-03-04,108.089996,110.82,106.610001,110.540001,104.35054,1875900,515
2020-03-05,107.260002,109.580002,106.279999,108.190002,102.132133,1585400,516
2020-03-06,105.190002,106.139999,104.029999,105.769997,99.847633,2192400,517
2020-03-09,99,101.129997,93.910004,94.989998,89.671227,1917300,518
2020-03-10,99.279999,99.449997,92.620003,98.910004,93.37175,981800,519
2020-03-11,96.089996,96.089996,90.18,90.669998,85.593117,1228200,520
2020-03-12,84.82,87.440002,77.839996,79.669998,75.209045,1801600,521
2020-03-13,82.599998,84.989998,76.650002,83.669998,78.985077,1549000,522
2020-03-16,70.279999,75.32,66.730003,71.599998,67.590904,1593900,523
2020-03-17,72.120003,78.230003,64.279999,73.510002,69.393967,1823700,524
2020-03-18,69.949997,74.209999,69.849998,73.589996,69.469482,2113300,525
2020-03-19,71.389999,78.970001,69.300003,70.519997,66.571373,2159400,526
2020-03-20,72.099998,72.839996,66.379997,66.610001,62.880314,1366600,527
2020-03-23,65.910004,69.480003,62.009998,65.400002,61.73806,1794800,528
2020-03-24,68.959999,71.459999,66.019997,69.470001,65.580177,1329600,529
2020-03-25,70.730003,74.919998,66.629997,70.599998,66.646904,1414600,530
2020-03-26,71.07,77.199997,69.419998,74.32,70.849045,1692600,531
2020-03-27,71.410004,71.809998,65.900002,67.989998,64.814667,1274700,532
2020-03-30,67.75,72.279999,67.220001,71.260002,67.931953,1195300,533
2020-03-31,70.419998,73.040001,66.709999,66.830002,63.708847,1491400,534
2020-04-01,63.75,66.150002,62.279999,65.690002,62.622082,2076200,535
2020-04-02,65,68.800003,63.57,65.970001,62.889008,1705700,536
2020-04-03,64.300003,64.5,59.82,61,58.151119,2031000,537
2020-04-06,64.599998,70.550003,64.099998,68.599998,65.396172,2010800,538
2020-04-07,73.160004,80.650002,72.370003,73.790001,70.343781,2485500,539
2020-04-08,75.300003,78.139999,75.129997,76.160004,72.603119,1248000,540
2020-04-09,78.18,82.669998,78.160004,80.410004,76.654617,1020900,541
2020-04-13,79.559998,80.019997,73.849998,75.970001,72.421989,963100,542
2020-04-14,77.580002,78,74.629997,76.5,72.927216,1091000,543
2020-04-15,73.379997,73.620003,68.769997,69.580002,66.330414,1207100,544
2020-04-16,70.190002,70.389999,67.669998,68.519997,65.319901,965200,545
2020-04-17,71.529999,74.980003,71.190002,72.68,69.285629,1142200,546
2020-04-20,71.010002,72.360001,68.889999,69.580002,66.330414,691800,547
2020-04-21,67,68.949997,66.360001,68.32,65.12925,1438800,548
2020-04-22,69.639999,69.889999,66.980003,67.029999,63.899494,974000,549
2020-04-23,67.309998,69.68,66.660004,68.949997,65.72982,927100,550
2020-04-24,69.43,70.449997,67.160004,68.300003,65.110191,808000,551
2020-04-27,70.080002,75.389999,69.699997,74.82,71.325691,1050300,552
2020-04-28,78.860001,81.059998,75.879997,78.449997,74.786148,1560000,553
2020-04-29,81.040001,83.559998,80.699997,80.970001,77.188469,1561400,554
2020-04-30,78.809998,78.809998,72.93,73.779999,70.334259,1874100,555
2020-05-01,71.860001,73.110001,70.260002,73.089996,69.676476,1356400,556
2020-05-04,70.230003,75.080002,69.690002,71.870003,68.513458,2026800,557
2020-05-05,72.949997,74.279999,71.419998,72.32,68.942444,2000700,558
2020-05-06,72.93,73.800003,70.349998,71.129997,67.808014,771300,559
2020-05-07,70.949997,72.82,70.169998,70.230003,66.950043,1373600,560
2020-05-08,72.059998,72.730003,71.040001,72.080002,68.713654,2063800,561
2020-05-11,71.139999,71.339996,68.669998,69.410004,66.168358,1247600,562
2020-05-12,69.830002,70.309998,65.339996,65.529999,62.469555,2047000,563
2020-05-13,65.489998,65.489998,63.59,64.690002,61.668781,1347300,564
2020-05-14,63.32,68.040001,62.369999,65.870003,62.793682,1560600,565
2020-05-15,64.959999,66.970001,63.439999,65.379997,62.32655,1265300,566
2020-05-18,68.57,70.559998,68.239998,69.93,66.664063,1541500,567
2020-05-19,69.82,70,67.510002,69.260002,66.025352,1815600,568
2020-05-20,70.690002,71.949997,69.790001,71.400002,68.065414,1090700,569
2020-05-21,71.209999,75.239998,70.699997,74.57,71.087357,1452000,570
2020-05-22,75.209999,76.209999,72.239998,72.839996,69.438148,1180600,571
2020-05-26,75.900002,81.5,75.599998,81.370003,77.569786,2548300,572
2020-05-27,82.790001,87.279999,80,80.879997,77.102654,3800400,573
2020-05-28,80.879997,83.099998,78.5,79.980003,76.244698,1578900,574
2020-05-29,78.839996,78.839996,74.260002,75.510002,71.983459,1810700,575
2020-06-01,75.099998,77.93,74.790001,76.709999,73.127419,993300,576
2020-06-02,77.540001,79.279999,77.32,78.389999,74.728958,1523600,577
2020-06-03,80.349998,85.470001,80.120003,84.68,80.725197,1555600,578
2020-06-04,84.089996,84.919998,82.25,84.919998,80.953987,1141800,579
2020-06-05,89.160004,93.110001,88.900002,89.57,85.38681,1799000,580
2020-06-08,92,93,88.43,90.260002,86.044586,1138400,581
2020-06-09,88.349998,88.889999,85.089996,85.480003,81.487839,1099800,582
2020-06-10,85,85.5,80.489998,80.690002,76.921532,1263600,583
2020-06-11,75.800003,76.440002,72.82,74.029999,70.572578,1763700,584
2020-06-12,76.809998,77.480003,72.75,74.769997,71.278015,1465600,585
2020-06-15,71.019997,74.739998,70.540001,73.739998,70.29612,1621100,586
2020-06-16,78.019997,78.919998,75.099998,76.419998,72.850952,1136500,587
2020-06-17,76.349998,77.260002,74.410004,74.480003,71.001572,880700,588
2020-06-18,73.599998,75.550003,72.93,73.940002,70.486786,677700,589
2020-06-19,75.459999,75.849998,71.059998,71.389999,68.055878,1396000,590
2020-06-22,71.510002,73.720001,70.160004,73.339996,69.914795,1225800,591
2020-06-23,74.709999,75.279999,72.5,73.459999,70.029198,1394700,592
2020-06-24,71.870003,72.449997,69.910004,70.650002,67.350426,1323200,593
2020-06-25,69.940002,70.540001,67.949997,70.32,67.035851,1358400,594
2020-06-26,70.040001,70.790001,67.150002,67.699997,64.538208,1375600,595
2020-06-29,68.739998,72.739998,68.230003,72.57,69.180756,1099600,596
2020-06-30,72.059998,75.919998,71.559998,72.519997,69.133102,1163400,597
2020-07-01,72.75,75.080002,70.550003,70.669998,67.369499,974800,598
2020-07-02,72.669998,73.669998,70.610001,70.75,67.44577,723400,599
2020-07-06,72.449997,73.019997,69.599998,71.389999,68.055878,657800,600
2020-07-07,70.230003,70.470001,68.669998,68.900002,65.682175,700200,601
2020-07-08,68.720001,69.57,67.910004,69.550003,66.301811,998300,602
2020-07-09,69.18,69.18,66.82,67.470001,64.318962,987300,603
2020-07-10,67,69.029999,66.660004,68.980003,65.75843,536800,604
2020-07-13,68.860001,70.790001,66.550003,69.68,66.425728,1115500,605
2020-07-14,69,70.639999,67.82,69.959999,66.69265,588800,606
2020-07-15,72.349998,74.620003,71.739998,74.190002,70.725105,1294100,607
2020-07-16,73.18,75.209999,72.660004,74.599998,71.115952,813800,608
2020-07-17,74.989998,75,72.830002,73.309998,69.8862,887100,609
2020-07-20,72.279999,73.760002,70.669998,71.300003,67.970078,892700,610
2020-07-21,72,73.440002,71.309998,71.559998,68.217934,758700,611
2020-07-22,71,72.230003,70.279999,71.360001,68.027275,696100,612
2020-07-23,70.860001,73.07,70.860001,71.650002,68.303734,604200,613
2020-07-24,72,73.129997,71.389999,71.449997,68.11306,652300,614
2020-07-27,71.050003,71.779999,69.900002,71.610001,68.265602,719800,615
2020-07-28,71.360001,72.57,71.150002,71.400002,68.065414,540000,616
2020-07-29,71.18,72.860001,71.129997,72.730003,69.333298,615300,617
2020-07-30,71.230003,71.540001,69.379997,71.080002,67.760361,765900,618
2020-07-31,70.849998,71.849998,69.739998,71.300003,67.970078,1086100,619
2020-08-03,71.300003,71.300003,68.650002,69.720001,66.463882,1199800,620
2020-08-04,65.43,67.25,63.900002,66.68,63.565845,4426200,621
2020-08-05,67.279999,69.629997,66.720001,68.510002,65.310387,1693200,622
2020-08-06,68.349998,68.849998,64.699997,64.889999,61.859444,2740100,623
2020-08-07,65.050003,66.389999,64.080002,65.959999,62.879467,1920000,624
2020-08-10,66.699997,69.410004,66.599998,68.68,65.472443,1608900,625
2020-08-11,70.470001,72.220001,70.080002,70.209999,66.930984,1581900,626
2020-08-12,71.099998,71.480003,67.93,69.809998,66.549667,1107100,627
2020-08-13,69.989998,70.370003,69.089996,70.129997,66.854729,920700,628
2020-08-14,69.440002,71.269997,68.050003,70.660004,67.35997,1038900,629
2020-08-17,70.540001,70.959999,68.529999,70.900002,67.58876,809400,630
2020-08-18,70.699997,70.699997,68.419998,68.5,65.300842,1098400,631
2020-08-19,67.82,69.519997,67.419998,67.550003,64.395218,766900,632
2020-08-20,67.239998,68,66.529999,67.269997,64.128288,788000,633
2020-08-21,67.440002,67.790001,66.260002,67.050003,63.918564,765100,634
2020-08-24,67.199997,70.419998,66.739998,70.25,66.969124,824700,635
2020-08-25,70.870003,70.900002,68.75,69.120003,65.891899,986700,636
2020-08-26,69.120003,69.349998,67.57,67.650002,64.49054,1167600,637
2020-08-27,68.099998,69.75,67.699997,68.239998,65.053001,1060800,638
2020-08-28,68.629997,71.279999,68.349998,71.190002,67.865219,968800,639
2020-08-31,70.790001,70.879997,68.400002,68.830002,65.61544,1064900,640
2020-09-01,68.309998,69.290001,67.690002,69.169998,65.939552,957300,641
2020-09-02,69.989998,71.75,69.610001,71.589996,68.246536,1289400,642
2020-09-03,72.360001,74.620003,71.93,74.150002,70.686974,2189400,643
2020-09-04,74.510002,75.080002,72.690002,74.050003,70.59166,1511600,644
2020-09-08,73.220001,76.080002,72.610001,75.059998,71.554474,1212700,645
2020-09-09,74.550003,74.650002,72.690002,73.510002,70.076874,1069400,646
2020-09-10,74.089996,76.5,73.779999,75.510002,71.983459,1053300,647
2020-09-11,76.07,76.239998,74.82,76.160004,72.603119,1007500,648
2020-09-14,76.870003,80.879997,76.629997,80.589996,76.82621,1750700,649
2020-09-15,80.220001,81.550003,79.239998,80.620003,76.854805,1530000,650
2020-09-16,81.5,82.830002,81.239998,81.269997,77.474442,976000,651
2020-09-17,80.370003,81.389999,77.919998,78.760002,75.081673,1038500,652
2020-09-18,77.690002,78.889999,74.139999,75.830002,72.288506,2481300,653
2020-09-21,73.830002,74.019997,70.919998,71.169998,67.846153,1727200,654
2020-09-22,72,75.139999,70.760002,75.040001,71.535408,2107600,655
2020-09-23,76.410004,77.120003,71.800003,72.010002,68.646927,1159900,656
2020-09-24,71.910004,72.419998,69.5,71.660004,68.313278,1532100,657
2020-09-25,71.620003,72,70.519997,71.07,67.750824,1168700,658
2020-09-28,72.589996,72.720001,70.290001,70.440002,67.150253,1271500,659
2020-09-29,70.059998,70.059998,67.300003,67.339996,64.195023,1249700,660
2020-09-30,67.650002,68.720001,67.110001,67.970001,64.795609,1787100,661
2020-10-01,68.75,69.82,67.760002,69.120003,65.891899,1272200,662
2020-10-02,67,70.169998,66.849998,69.93,66.664063,1570300,663
2020-10-05,70.879997,72.580002,70.849998,71.800003,68.446732,1195800,664
2020-10-06,72.860001,72.970001,69.120003,69.279999,66.044426,1302700,665
2020-10-07,70,72.190002,70,71.779999,68.427666,1423800,666
2020-10-08,72.529999,74.379997,72,74.330002,70.858574,1321900,667
2020-10-09,75,75.18,71.540001,73.889999,70.439117,1433500,668
2020-10-12,72.959999,75.220001,72.620003,73.639999,70.200798,992600,669
2020-10-13,73.209999,74.099998,71.32,72.25,68.875717,948100,670
2020-10-14,72.260002,73.879997,72.059998,72.970001,69.562088,1135200,671
2020-10-15,71.849998,75.760002,71.129997,75.75,72.212257,1179300,672
2020-10-16,76,76.190002,74.730003,74.790001,71.297089,919600,673
2020-10-19,74.989998,75.989998,74.089996,74.360001,70.887161,758700,674
2020-10-20,75.199997,76.099998,73.370003,73.510002,70.076874,792600,675
2020-10-21,73.239998,75.199997,72.650002,75.010002,71.506813,755900,676
2020-10-22,75.43,77.480003,75.07,77.110001,73.508728,1070900,677
2020-10-23,77.260002,78.010002,76.660004,77.389999,73.775658,1492700,678
2020-10-26,76.629997,77.470001,75.059998,76.800003,73.213211,1216000,679
2020-10-27,76.040001,77.339996,74.089996,74.470001,70.992027,1185700,680
2020-10-28,72.949997,75.099998,72.160004,74.300003,70.829971,1929100,681
2020-10-29,73.980003,73.980003,67.5,70.580002,67.283714,3743200,682
2020-10-30,70.18,70.339996,65.199997,66.849998,63.727909,2946800,683
2020-11-02,67.43,69.339996,66.699997,67.43,64.280823,1581500,684
2020-11-03,68.25,70.25,67.980003,69.120003,65.891899,1274300,685
2020-11-04,70.43,71.43,67.830002,68.709999,65.50103,1260900,686
2020-11-05,68.93,70.239998,68.349998,69.93,66.664063,897600,687
2020-11-06,69.690002,70.900002,67.410004,68.230003,65.043457,1309900,688
2020-11-09,77.050003,83.389999,75.5,81.739998,77.922493,3794600,689
2020-11-10,81.010002,83.459999,80.620003,81.349998,77.550713,1922000,690
2020-11-11,80.959999,81.260002,75.540001,76.209999,72.650772,1589000,691
2020-11-12,75.230003,76.199997,73.129997,74.269997,70.801369,1356700,692
2020-11-13,74.860001,77.809998,74.650002,77.610001,73.98539,1779900,693
2020-11-16,81,81,77.489998,79.339996,75.634583,1932200,694
2020-11-17,78.470001,84.370003,78.150002,84.099998,80.172279,2184000,695
2020-11-18,84.309998,85.120003,81.739998,81.739998,77.922493,1414900,696
2020-11-19,81.010002,82.309998,79.900002,80.589996,76.82621,1238200,697
2020-11-20,80.410004,80.650002,78,78.220001,74.566902,1288400,698
2020-11-23,79.129997,83.589996,78.440002,83.339996,79.447762,1947200,699
2020-11-24,86,89.940002,85.540001,89.029999,84.87204,2256400,700
2020-11-25,87.82,88.57,85.209999,88.029999,83.918739,1347300,701
2020-11-27,88.120003,88.480003,86.459999,87.980003,83.871078,932500,702
2020-11-30,87.230003,87.760002,85.139999,85.75,81.745224,5634300,703
2020-12-01,87.769997,89.690002,87.169998,88.620003,84.481178,1826300,704
2020-12-02,87.379997,88.970001,85.809998,88.919998,84.767166,1526700,705
2020-12-03,89.07,98.279999,89.07,96.660004,92.145691,3244600,706
2020-12-04,97.870003,98,95.18,96.209999,91.716713,1573800,707
2020-12-07,95.550003,95.989998,93.800003,95.489998,91.030334,1310800,708
2020-12-08,94.889999,97.699997,94.440002,97.150002,92.612808,1031600,709
2020-12-09,98.519997,101.949997,97.980003,100.830002,96.120949,1855500,710
2020-12-10,103.650002,105.650002,101.639999,103.849998,98.999893,2084800,711
2020-12-11,105.910004,105.910004,100.730003,101.339996,96.607117,1860200,712
2020-12-14,103.290001,104.760002,98.739998,98.900002,94.281082,1392400,713
2020-12-15,99.879997,100.75,97.720001,100.529999,95.834953,1155500,714
2020-12-16,100.949997,102.050003,99.190002,99.5,94.85305,1066800,715
2020-12-17,100.480003,102.260002,98.989998,100.989998,96.27346,948900,716
2020-12-18,101,102.519997,99.800003,101.209999,96.483192,1636200,717
2020-12-21,98.830002,101.940002,98.330002,101.330002,96.597588,924700,718
2020-12-22,101.849998,102,98.650002,98.839996,94.223869,759300,719
2020-12-23,99.610001,102.360001,99.440002,101.959999,97.198158,491600,720
2020-12-24,103.160004,103.5,100.5,100.919998,96.206734,336400,721
2020-12-28,101.5,104.230003,101.339996,103.440002,98.609047,824900,722
2020-12-29,103.629997,104.059998,100.830002,101.559998,96.816849,672600,723
2020-12-30,102.379997,104.989998,101.970001,103.940002,99.085701,757100,724
2020-12-31,103.160004,104.699997,102.349998,103.739998,98.895027,511400,725
2021-01-04,103.879997,103.959999,99.330002,101.330002,96.597588,1067800,726
2021-01-05,101.010002,105.139999,100.75,104,99.142899,891000,727
2021-01-06,104.629997,110.629997,104.239998,109.440002,104.328835,1551800,728
2021-01-07,111,113.269997,110.080002,112.18,106.940872,1438900,729
2021-01-08,112.300003,112.830002,107.830002,109.480003,104.366974,1283100,730
2021-01-11,110.019997,111.190002,108.440002,110.589996,105.42511,1136300,731
2021-01-12,111.019997,117,110.580002,114.510002,109.162048,1096300,732
2021-01-13,114.040001,116.339996,111.639999,112.940002,107.665375,1351900,733
2021-01-14,113.589996,115.150002,110.839996,111.470001,106.264023,1063700,734
2021-01-15,111.300003,112.449997,109.660004,110.07,104.929405,965600,735
2021-01-19,109.519997,110.730003,106.150002,107.25,102.241104,986600,736
2021-01-20,107.650002,109.339996,106.360001,106.589996,101.611938,822800,737
2021-01-21,106.5,108.489998,105.300003,107.889999,102.851212,1051400,738
2021-01-22,106.910004,112.889999,105.459999,108.470001,103.404114,1753000,739
2021-01-25,107.550003,110.269997,105.769997,109.489998,104.376488,1041800,740
2021-01-26,110.309998,110.559998,106.150002,107.07,102.069511,1023800,741
2021-01-27,105.449997,106.139999,100.209999,100.809998,96.101875,1425500,742
2021-01-28,102,105.389999,101.080002,103.540001,98.704376,1175300,743
2021-01-29,103.5,103.879997,99.919998,101.050003,96.330673,1042700,744
2021-02-01,104.160004,104.230003,100.540001,102.480003,97.693886,1182800,745
2021-02-02,104,105,101.720001,103.43,98.59951,874600,746
2021-02-03,103.660004,106.589996,103.660004,105.190002,100.277321,1420400,747
2021-02-04,103.419998,109.339996,100.339996,107.830002,102.794014,2671200,748
2021-02-05,108.199997,109.459999,105.099998,108.5,103.432724,1405100,749
2021-02-08,109.160004,111.419998,108.580002,110.209999,105.062874,1091400,750
2021-02-09,109.379997,111.110001,109.07,110.360001,105.205856,818500,751
2021-02-10,111.43,113.190002,109.769997,112.160004,106.921791,744600,752
2021-02-11,112.650002,116.459999,111.730003,113.440002,108.142021,890500,753
2021-02-12,112.099998,112.650002,110.139999,110.699997,105.529976,817000,754
2021-02-16,111.330002,112.300003,110.050003,111.769997,106.550018,751700,755
2021-02-17,111.809998,112.059998,109.769997,111.410004,106.206825,602800,756
2021-02-18,110.870003,111.400002,108.589996,110.989998,105.806442,607300,757
2021-02-19,111.040001,114.07,109.309998,113.459999,108.161072,855100,758
2021-02-22,112.699997,118.25,112.480003,117.379997,111.898003,1037600,759
2021-02-23,117.290001,118.040001,114.459999,117.129997,111.659676,736600,760
2021-02-24,117,120.220001,116.059998,119.879997,114.281258,616300,761
2021-02-25,120.529999,122.199997,117.580002,117.580002,112.088669,971500,762
2021-02-26,117.5,119.059998,114.300003,117.080002,111.612015,947500,763
2021-03-01,119.029999,123.230003,118.709999,120.339996,114.719757,1066100,764
2021-03-02,120.529999,122.690002,119.540001,121.639999,115.959061,1260000,765
2021-03-03,121.870003,125.650002,121.540001,122.300003,116.588226,1459400,766
2021-03-04,121.980003,125.330002,117.410004,120.970001,115.320343,1653300,767
2021-03-05,122.43,125.309998,116.169998,122.199997,116.492897,1473800,768
2021-03-08,124.019997,128.399994,123.059998,126.550003,120.639732,1221400,769
2021-03-09,126.699997,129.75,124.68,124.949997,119.114464,1209400,770
2021-03-10,125.019997,127.080002,121.82,122.610001,116.883759,1341000,771
2021-03-11,122.889999,123.800003,119.989998,121.75,116.063911,1097300,772
2021-03-12,123.389999,125.900002,122.040001,123.980003,118.189774,1582400,773
2021-03-15,123.800003,125.349998,122.370003,124,118.208832,1413900,774
2021-03-16,124,124.760002,118.690002,121.760002,116.073448,1070600,775
2021-03-17,122.110001,122.779999,118.300003,121.07,115.415665,915100,776
2021-03-18,121.07,125.849998,120.699997,122.480003,116.759827,961700,777
2021-03-19,121.400002,124.029999,120.629997,121.75,116.063911,1638600,778
2021-03-22,122,122.900002,120.050003,121.519997,115.844658,869600,779
2021-03-23,120.739998,121.330002,112.440002,113.559998,108.256416,1584000,780
2021-03-24,115.019997,118.330002,113.889999,113.959999,108.637726,1270000,781
2021-03-25,112.419998,119.199997,110.830002,118.300003,112.775047,1255300,782
2021-03-26,120.169998,122.25,118.190002,122.160004,116.454758,736100,783
2021-03-29,121.209999,123.230003,116.57,117.989998,112.479523,653100,784
2021-03-30,118.779999,120.459999,117.050003,120.239998,114.624435,496300,785
2021-03-31,120.720001,124.93,120.300003,123.160004,117.408073,1020600,786
2021-04-01,123.449997,123.910004,118.830002,119.940002,114.338463,1034000,787
2021-04-05,121.379997,123.559998,119.199997,123.309998,117.551056,583600,788
2021-04-06,123.709999,125.720001,122.529999,123.699997,117.922836,954100,789
2021-04-07,124.660004,125.699997,122.919998,123.639999,117.865639,663300,790
2021-04-08,122.739998,124.349998,121.370003,123.580002,117.808456,637900,791
2021-04-09,124.739998,127.75,124.010002,127.540001,121.583511,815200,792
2021-04-12,127,129.119995,126.830002,127.760002,121.793236,715100,793
2021-04-13,126.650002,126.980003,122.889999,124.519997,118.704544,822500,794
2021-04-14,124.419998,127.589996,124.419998,125.790001,119.915253,587800,795
2021-04-15,127,127.489998,125.379997,125.980003,120.096352,461800,796
2021-04-16,126.919998,127.199997,123,124.559998,118.742691,881700,797
2021-04-19,123.860001,124.599998,121.459999,122.18,116.473839,1175000,798
2021-04-20,121.43,122.07,117.57,119.440002,113.861809,1297300,799
2021-04-21,119,123.169998,118.400002,122.629997,116.902809,733100,800
2021-04-22,123.019997,125.089996,122.989998,123.43,117.665451,858600,801
2021-04-23,124.870003,125.720001,123.529999,125.480003,119.619713,731400,802
2021-04-26,126.309998,128.259995,125.489998,125.830002,119.953369,1167100,803
2021-04-27,126.379997,129.139999,125.580002,128.850006,122.832329,882200,804
2021-04-28,134.479996,135.25,131.320007,132.289993,126.111671,1425000,805
2021-04-29,133.289993,135.050003,130.380005,133.410004,127.179352,744500,806
2021-04-30,133.300003,133.990005,131.740005,133.289993,127.064957,603800,807
2021-05-03,134.309998,137,133.910004,136.309998,129.943924,1114700,808
2021-05-04,136.149994,137.119995,134.220001,135.410004,129.085938,635900,809
2021-05-05,136.199997,137.190002,134.009995,134.949997,128.64743,1037300,810
2021-05-06,135.389999,136.179993,132.839996,134,127.741791,870800,811
2021-05-07,133.910004,139.850006,133.309998,139.639999,133.118423,1201100,812
2021-05-10,139.800003,142.059998,137.570007,137.570007,131.145065,1132500,813
2021-05-11,136.919998,136.919998,131.899994,134.050003,127.789474,807200,814
2021-05-12,133.429993,135.759995,127.599998,128.039993,122.06015,798900,815
2021-05-13,128.839996,133.869995,128.839996,131.539993,125.396698,773800,816
2021-05-14,132.160004,136.779999,131.949997,136.479996,130.106003,566200,817
2021-05-17,135.690002,138.350006,134.720001,138.119995,131.669373,737300,818
2021-05-18,139.199997,140.240005,136.410004,136.699997,130.315704,1079200,819
2021-05-19,134.470001,134.729996,129.940002,131.050003,124.929581,1619100,820
2021-05-20,126.110001,126.720001,118.290001,121.870003,116.178307,4655000,821
2021-05-21,121.160004,122.150002,119.230003,121.089996,115.434731,1496300,822
2021-05-24,120.949997,121.800003,119.190002,119.610001,114.023857,1171700,823
2021-05-25,119.760002,122.540001,119.760002,121.550003,115.873253,1043100,824
2021-05-26,122,124.43,122,124.040001,118.246971,948500,825
2021-05-27,124.779999,126.68,123.18,125.639999,119.77224,1364200,826
2021-05-28,126.449997,126.5,123.389999,124.080002,118.285103,662100,827
2021-06-01,125.18,126.43,123.449997,124.919998,119.085869,911000,828
2021-06-02,125.470001,125.470001,121.129997,122.919998,117.179276,1101600,829
2021-06-03,122.040001,122.330002,119.949997,121.139999,115.482399,876600,830
2021-06-04,121.379997,121.580002,118.150002,120.769997,115.129669,706400,831
2021-06-07,121.690002,121.889999,119.949997,120.949997,115.301277,723300,832
2021-06-08,120.43,122.900002,119.529999,122.459999,116.740753,525300,833
2021-06-09,122.400002,122.57,120.959999,121.440002,115.768379,501600,834
2021-06-10,122.199997,123.169998,118.870003,119.660004,114.071533,684400,835
2021-06-11,120.580002,122.900002,119.529999,122.730003,116.998154,618900,836
2021-06-14,122.5,123.230003,119.690002,120.379997,114.757896,645100,837
2021-06-15,120.769997,121.68,118.800003,121.309998,115.644455,577800,838
2021-06-16,120.75,122.349998,118.220001,121.470001,115.796989,628200,839
2021-06-17,121.150002,121.75,115.290001,117.050003,111.58342,1228800,840
2021-06-18,114.389999,116.019997,112.900002,113.480003,108.180153,1475900,841
2021-06-21,114.970001,116.540001,114.419998,115.43,110.039078,1215600,842
2021-06-22,114.709999,117.919998,113.360001,117.349998,111.8694,1223200,843
2021-06-23,117.330002,120.5,117.330002,119.669998,114.081047,741600,844
2021-06-24,119.830002,121.190002,117.730003,120.389999,115.431061,809700,845
2021-06-25,121.559998,122.989998,120.849998,121.18,116.188522,784500,846
2021-06-28,120.559998,120.639999,116.82,117.199997,112.372459,1136000,847
2021-06-29,118,119.129997,116.529999,116.910004,112.094406,627600,848
2021-06-30,116.5,118.279999,115.910004,117.809998,112.957336,661200,849
2021-07-01,118.599998,119.620003,117.239998,118.029999,113.168274,618700,850
2021-07-02,118.089996,118.389999,117,117.790001,112.938156,362100,851
2021-07-06,117.790001,117.790001,113.720001,115.18,110.435669,823600,852
2021-07-07,114.480003,115.669998,111.349998,113.470001,108.796097,913000,853
2021-07-08,111.129997,113.639999,108.209999,113.57,108.891983,1131100,854
2021-07-09,115.440002,117.589996,114.529999,116.400002,111.605408,667400,855
2021-07-12,114.760002,116.910004,114.370003,115.699997,110.934242,541000,856
2021-07-13,114.879997,115.790001,113.220001,114.669998,109.946686,955200,857
2021-07-14,116.040001,116.900002,113.540001,113.690002,109.007042,773600,858
2021-07-15,112.419998,112.82,110.040001,111.57,106.974365,1345400,859
2021-07-16,112.059998,112.059998,107.980003,108.68,104.203407,1141300,860
2021-07-19,105.209999,106.25,102.959999,103.790001,99.514824,1408100,861
2021-07-20,104.290001,109.949997,103.550003,109.040001,104.548576,1047700,862
2021-07-21,110.650002,113.370003,110.25,110.639999,106.082672,843400,863
2021-07-22,110.129997,110.650002,108.580002,109.900002,105.373161,662900,864
2021-07-23,111.010002,111.75,109.419998,109.989998,105.459442,495100,865
2021-07-26,110.43,112.07,109.830002,111.449997,106.859306,440000,866
2021-07-27,111,111.279999,109.300003,110.139999,105.603264,617400,867
2021-07-28,111.419998,112.779999,108.599998,110.419998,105.871735,700000,868
2021-07-29,111.779999,113.279999,110.059998,110.160004,105.622444,1230800,869
2021-07-30,109.93,117.489998,109.93,113.519997,108.84404,1769400,870
2021-08-02,114.589996,119.809998,114.589996,117.989998,113.129921,2129300,871
2021-08-03,129.210007,129.440002,124.059998,125.220001,120.062111,2774500,872
2021-08-04,125.720001,126.660004,122.379997,123.18,118.106148,1331600,873
2021-08-05,123.18,124.720001,121.739998,124.529999,119.400543,996400,874
2021-08-06,125,126.690002,122.809998,123.139999,118.067787,639500,875
2021-08-09,122.660004,122.75,120.480003,120.730003,115.757065,973600,876
2021-08-10,120.690002,124.300003,120.449997,120.989998,116.006348,958600,877
2021-08-11,121,123.57,120.269997,122.769997,117.713028,608600,878
2021-08-12,122.809998,124.489998,122.07,124.209999,119.093704,739400,879
2021-08-13,123.860001,124.720001,122.75,124.449997,119.323837,552100,880
2021-08-16,123.129997,124.019997,121.860001,122.5,117.454155,643200,881
2021-08-17,120.790001,121.290001,117.889999,119.209999,114.299675,936900,882
2021-08-18,118.139999,120.059998,116.230003,116.290001,111.499947,963900,883
2021-08-19,114.57,116.529999,113.980003,114.860001,110.128838,1010400,884
2021-08-20,115.910004,117.029999,114.239998,116.269997,111.480774,923800,885
2021-08-23,117.449997,119.150002,117.040001,118.260002,113.388802,886800,886
2021-08-24,118.400002,121.449997,118.400002,120.5,115.53653,810700,887
2021-08-25,120.339996,120.589996,118.309998,120.019997,115.076302,463200,888
2021-08-26,119.150002,119.82,115.93,116.300003,111.509537,637200,889
2021-08-27,116.589996,119.5,116.040001,118.309998,113.436737,403900,890
2021-08-30,119.279999,119.800003,116.629997,117.029999,112.209465,923300,891
2021-08-31,116.519997,118,115.5,116.129997,111.346519,745300,892
2021-09-01,118.860001,120.989998,117.970001,118.940002,114.040787,1244500,893
2021-09-02,118.669998,119.480003,117.25,117.489998,112.650505,574600,894
2021-09-03,117.239998,117.540001,113.889999,114.830002,110.10009,666000,895
2021-09-07,114.879997,115.07,112.5,112.900002,108.24958,726600,896
2021-09-08,112.470001,112.529999,109.379997,110.709999,106.149796,672700,897
2021-09-09,111.349998,114.620003,110.860001,113.760002,109.074158,837400,898
2021-09-10,115,115.370003,112.529999,112.629997,107.990707,741600,899
2021-09-13,112.82,114.139999,111.730003,113.699997,109.016624,509100,900
2021-09-14,114.220001,114.230003,110.870003,111.720001,107.118195,509800,901
2021-09-15,111.279999,112.269997,110.040001,112.129997,107.511292,492000,902
2021-09-16,112.82,114,112.540001,112.629997,107.990707,502300,903
2021-09-17,112.199997,114.639999,111.879997,113.040001,108.38382,938900,904
2021-09-20,110.129997,111.290001,109.139999,111.050003,106.475784,823200,905
2021-09-21,112.370003,113.449997,109.699997,110.190002,105.651215,522000,906
2021-09-22,111.010002,114.389999,111.010002,113.25,108.585167,675000,907
2021-09-23,113.589996,116.849998,113.589996,115.660004,111.573715,570500,908
2021-09-24,113.580002,117,112.050003,116.470001,112.355095,599900,909
2021-09-27,117.349998,120.379997,117.190002,117.970001,113.802109,769500,910
2021-09-28,117.949997,120.209999,117.07,119.010002,114.805359,891500,911
2021-09-29,120.099998,120.370003,116.599998,116.889999,112.760254,834800,912
2021-09-30,115.919998,116.580002,110.989998,111.040001,107.116936,1335900,913
2021-10-01,112.300003,115.18,109.879997,114.790001,110.734459,803400,914
2021-10-04,114.760002,118.07,114.760002,117.360001,113.213654,823200,915
2021-10-05,118.720001,122.669998,117.57,119.449997,115.229813,1221100,916
2021-10-06,118.309998,118.980003,114.099998,115.269997,111.197487,1026100,917
2021-10-07,117,119.339996,116.75,117.209999,113.068947,832700,918
2021-10-08,116.879997,116.879997,112.209999,113.25,109.248856,880400,919
2021-10-11,113.07,114.690002,110.800003,111.459999,107.522102,938400,920
2021-10-12,111.269997,115.699997,111.269997,115.059998,110.994911,791100,921
2021-10-13,115.690002,116.82,114.370003,116.230003,112.123573,444800,922
2021-10-14,117.339996,118.449997,116.279999,117.919998,113.75386,529600,923
2021-10-15,118.5,119.5,117.800003,118.790001,114.593132,440300,924
2021-10-18,116.080002,119.470001,115.389999,119.32,115.104393,749100,925
2021-10-19,119.43,119.669998,118,118.599998,114.409843,537400,926
2021-10-20,118.900002,121.940002,118.220001,118.68,114.487022,668900,927
2021-10-21,119.720001,122.089996,119.010002,121.489998,117.197739,897500,928
2021-10-22,121.589996,124.169998,120.949997,123.129997,118.779793,601600,929
2021-10-25,123.349998,124.959999,122.940002,124.07,119.686592,891200,930
2021-10-26,124.699997,126.040001,123.699997,124.389999,119.995277,684800,931
2021-10-27,123.75,124.290001,121.760002,121.82,117.516075,937500,932
2021-10-28,122.529999,125.940002,122.489998,124.75,120.342567,1011200,933
2021-10-29,124.769997,127.860001,124.349998,127.169998,122.677055,1316800,934
2021-11-01,127.830002,131.649994,127.800003,129.75,125.165924,1556400,935
2021-11-02,126.889999,128.229996,116.760002,117.129997,112.991783,2867100,936
2021-11-03,117.949997,124.080002,117.949997,122.940002,118.596519,1874700,937
2021-11-04,124.029999,127.07,123.269997,124.360001,119.966347,1088600,938
2021-11-05,126.650002,129.539993,125.709999,127.540001,123.033989,938400,939
2021-11-08,127,130.220001,126.760002,128.960007,124.403824,1137500,940
2021-11-09,128.850006,130.089996,127.110001,129.119995,124.558159,911500,941
2021-11-10,127.489998,131.039993,125.220001,126.269997,121.808853,671900,942
2021-11-11,126.629997,128.5,124.779999,125.160004,120.738075,610500,943
2021-11-12,125.529999,125.93,123.949997,124.910004,120.496918,598900,944
2021-11-15,125.550003,126.110001,124.269997,125.029999,120.612671,601100,945
2021-11-16,125.379997,127.690002,124.5,127.610001,123.101524,823400,946
2021-11-17,127.879997,128.5,124.620003,125.699997,121.258995,641400,947
2021-11-18,127.290001,127.290001,124.400002,125.860001,121.413338,554600,948
2021-11-19,124.82,125.309998,121.150002,121.809998,117.506439,1178300,949
2021-11-22,122.279999,125.82,121.160004,124.690002,120.284683,513400,950
2021-11-23,124.690002,126.889999,122.989998,124.349998,119.956688,678500,951
2021-11-24,121.900002,122.389999,118.800003,121.550003,117.255623,1101900,952
2021-11-26,116.82,117.559998,114.010002,116.43,112.316505,1055600,953
2021-11-29,118.989998,119.93,116.099998,119.120003,114.911476,1198300,954
2021-11-30,117.839996,118.849998,114.150002,116.040001,111.940285,1405400,955
2021-12-01,119.339996,123.730003,116.300003,116.449997,112.335808,1590600,956
2021-12-02,117.410004,119.599998,116,119.139999,114.930771,1024200,957
2021-12-03,120.129997,120.849998,114.57,116.169998,112.065697,852100,958
2021-12-06,118.110001,124.800003,117.949997,122.559998,118.229927,953900,959
2021-12-07,124.010002,127.790001,123.889999,124.519997,120.120689,1124700,960
2021-12-08,124.529999,125.470001,123.040001,124.169998,119.783051,477200,961
2021-12-09,123.260002,125.190002,122.370003,122.660004,118.326401,481700,962
2021-12-10,123.349998,123.5,120.949997,122.900002,118.557922,477900,963
2021-12-13,123.440002,123.989998,118.419998,120.080002,115.837563,527500,964
2021-12-14,111.650002,118.540001,111.650002,116.860001,112.731316,1645100,965
2021-12-15,116.160004,116.389999,112.43,115.849998,111.756996,917800,966
2021-12-16,117.419998,117.93,113.910004,114.419998,110.377518,785500,967
2021-12-17,113.470001,116.760002,111.580002,115.050003,110.985268,994000,968
2021-12-20,113.139999,113.139999,106.980003,108.900002,105.052544,911400,969
2021-12-21,109.989998,112.190002,109.970001,111.970001,108.014084,683300,970
2021-12-22,111.279999,113.029999,111.190002,111.599998,108.322746,363600,971
2021-12-23,112.220001,112.669998,110.93,112.139999,108.846893,313700,972
2021-12-27,112.739998,117.300003,112.739998,116.93,113.496223,802900,973
2021-12-28,116.699997,118.68,116.480003,116.75,113.32151,473600,974
2021-12-29,116.989998,118.089996,116.739998,117.459999,114.010658,362400,975
2021-12-30,117.580002,119.230003,117.459999,117.93,114.466858,281800,976
2021-12-31,117.949997,119.110001,117.190002,118.860001,115.369537,455900,977
2022-01-03,119.900002,122.279999,119.25,120.919998,117.369057,769700,978
2022-01-04,122.220001,125.389999,122.220001,124.169998,120.523613,731200,979
2022-01-05,124.970001,126.480003,121.970001,122.129997,118.543518,837300,980
2022-01-06,123.120003,123.160004,118.660004,120.050003,116.524597,733300,981
2022-01-07,119.300003,120.779999,117.779999,118.059998,114.59304,717600,982
2022-01-10,117.300003,117.300003,112.410004,115.529999,112.137337,924300,983
2022-01-11,115.699997,117.900002,113.879997,117.279999,113.835945,569600,984
2022-01-12,118,119.169998,114.75,115.050003,111.671432,1252000,985
2022-01-13,116.089996,118.690002,115.800003,117.370003,113.923309,707200,986
2022-01-14,115.75,116,113.290001,114.839996,111.46759,524300,987
2022-01-18,113.220001,113.830002,112.099998,112.309998,109.011894,612700,988
2022-01-19,113.040001,115.760002,112.970001,113.089996,109.768982,728500,989
2022-01-20,112.769997,114.379997,109.769997,109.940002,106.711502,655900,990
2022-01-21,109.099998,111,107.620003,108.5,105.313782,692000,991
2022-01-24,105.419998,110.400002,103.949997,110.330002,107.090042,1032700,992
2022-01-25,107.82,109.550003,105.660004,108.139999,104.964348,806600,993
2022-01-26,109.419998,110.010002,104.650002,105.800003,102.693069,907700,994
2022-01-27,107.519997,110.959999,106.150002,107.190002,104.042252,787400,995
2022-01-28,106.440002,109.769997,105.400002,109.290001,106.080589,1139600,996
2022-01-31,108.120003,112.099998,108.120003,110.839996,107.585068,1272000,997
2022-02-01,111.059998,113.940002,110.589996,113.510002,110.176651,1158200,998
2022-02-02,114.519997,116.309998,111.900002,113.669998,110.331963,1497500,999
2022-02-03,121.919998,122.800003,117.110001,117.68,114.224205,2428400,1000
2022-02-04,118.720001,120.230003,117.269997,118.629997,115.146294,1448000,1001
2022-02-07,120.150002,120.150002,118.190002,119.339996,115.835442,1246900,1002
2022-02-08,119.559998,125.019997,119.349998,124.669998,121.008919,1813000,1003
2022-02-09,125.900002,128.710007,124.400002,127.150002,123.4161,1271100,1004
2022-02-10,125.389999,128.169998,125.010002,125.589996,121.901917,981900,1005
2022-02-11,125.5,126.709999,121.550003,121.739998,118.16497,932200,1006
2022-02-14,122.230003,124.650002,121.900002,122.540001,118.941483,987700,1007
2022-02-15,125.269997,128.970001,124.809998,128.759995,124.978821,1094600,1008
2022-02-16,128.350006,131.289993,127.839996,130.039993,126.221222,926700,1009
2022-02-17,128.889999,131.009995,126.470001,126.699997,122.979317,1418600,1010
2022-02-18,127.080002,129.399994,125.720001,126.580002,122.862846,923600,1011
2022-02-22,126.110001,135.990005,125.400002,129.630005,125.82328,4037800,1012
2022-02-23,130.699997,132.139999,128.199997,129.100006,125.308853,1396600,1013
2022-02-24,125.160004,129.330002,124.82,128.929993,125.143822,1397200,1014
2022-02-25,129.529999,134.669998,128.899994,134.110001,130.171722,1097300,1015
2022-02-28,131.330002,132.970001,129.380005,132.039993,128.162491,1109000,1016
2022-03-01,131.229996,132.399994,123.519997,124.699997,121.038048,1261000,1017
2022-03-02,124.860001,129.830002,124.510002,128.470001,124.697342,903000,1018
2022-03-03,128.610001,128.880005,123.260002,124.57,120.911873,1197100,1019
2022-03-04,122.419998,122.82,114.510002,116.050003,112.642067,1562100,1020
2022-03-07,114.300003,114.68,101.5,101.860001,98.868774,2636800,1021
2022-03-08,102.589996,106.870003,100.440002,101.010002,98.043732,1985500,1022
2022-03-09,106.470001,109.470001,105.400002,108.639999,105.449669,1481900,1023
2022-03-10,105.739998,112.209999,105.739998,109.120003,105.915573,1288400,1024
2022-03-11,110,110.459999,107.25,107.540001,104.381973,835400,1025
2022-03-14,108.559998,110.330002,106.559998,107.589996,104.430504,1193700,1026
2022-03-15,108.559998,110.199997,105.040001,108.019997,104.847885,1142700,1027
2022-03-16,110.940002,117.5,110,114,110.652267,1055100,1028
2022-03-17,116.099998,119.330002,114.720001,119.220001,115.718987,1184400,1029
2022-03-18,117.980003,121.720001,116.830002,121.400002,117.834961,1298200,1030
2022-03-21,121.529999,122.019997,117.519997,118.5,115.020119,707600,1031
2022-03-22,120.18,120.970001,115.910004,117.279999,113.835945,716500,1032
2022-03-23,116.400002,117.160004,115.370003,116.370003,112.952667,518700,1033
2022-03-24,117.239998,117.910004,116.269997,117.580002,114.127136,532600,1034
2022-03-25,118.370003,118.529999,116.220001,117.440002,113.991257,508200,1035
2022-03-28,116.980003,119.459999,114.849998,119.110001,115.612206,1065800,1036
2022-03-29,122.07,125.260002,121.889999,122.629997,119.028831,965200,1037
2022-03-30,122.089996,122.410004,118.769997,119.720001,116.2043,754200,1038
2022-03-31,117.980003,118.889999,113.18,113.440002,110.74514,883900,1039
2022-04-01,114.620003,114.620003,110.800003,112,109.33934,706600,1040
2022-04-04,111.580002,115.629997,110.709999,115.07,112.336411,740900,1041
2022-04-05,111.160004,113.330002,110.239998,110.629997,108.001884,920400,1042
2022-04-06,109.470001,109.529999,104.720001,105.910004,103.394028,960500,1043
2022-04-07,105.93,106.32,101.050003,104.809998,102.320145,1312100,1044
2022-04-08,104.349998,107.32,101.940002,105.610001,103.101143,938400,1045
2022-04-11,104.82,109.989998,104.349998,105.040001,102.544685,1451300,1046
2022-04-12,106.25,108.519997,105.5,105.82,103.306145,619100,1047
2022-04-13,105.959999,108.660004,105.959999,107.660004,105.10244,557500,1048
2022-04-14,108.139999,110.010002,107.669998,108.519997,105.942009,597900,1049
2022-04-18,108.410004,109.290001,106.339996,108.699997,106.117729,555400,1050
2022-04-19,109.379997,113.339996,109.379997,112.809998,110.130096,718300,1051
2022-04-20,114,116.199997,113.089996,115.379997,112.639046,768700,1052
2022-04-21,117.610001,118.540001,113.510002,114.239998,111.526123,704900,1053
2022-04-22,112.910004,113.400002,108.769997,109.25,106.654671,909500,1054
2022-04-25,108.139999,108.739998,104.379997,108.43,105.854149,1542100,1055
2022-04-26,107.269997,107.839996,102.900002,104.32,101.841789,1002600,1056
2022-04-27,103.800003,105.599998,103.32,103.389999,100.933876,1103700,1057
2022-04-28,104.739998,107.099998,103.209999,106.760002,104.223824,951600,1058
2022-04-29,106.190002,108.040001,104.019997,104.339996,101.861305,801800,1059
2022-05-02,105,106.910004,103.629997,106.699997,104.165237,930300,1060
2022-05-03,107.129997,107.889999,104.07,105.809998,103.296387,870600,1061
2022-05-04,106.239998,107.639999,103.089996,107.580002,105.024338,847500,1062
2022-05-05,105.809998,105.809998,98.879997,100.209999,97.82943,1085200,1063
2022-05-06,98.739998,101.160004,95.779999,98.540001,96.199097,1439600,1064
2022-05-09,96.540001,99.639999,94.089996,94.879997,92.626045,1031200,1065
2022-05-10,96.300003,96.489998,92.75,95.050003,92.792015,1571100,1066
2022-05-11,95.610001,96.050003,92.120003,92.370003,90.175674,1286800,1067
2022-05-12,91.800003,96.419998,91.540001,95.459999,93.192261,1359000,1068
2022-05-13,96.839996,100.889999,96.290001,99.93,97.556068,705900,1069
2022-05-16,99.32,100.550003,97.57,98.300003,95.964798,687700,1070
2022-05-17,101.82,103.239998,98.629997,102,99.576897,723500,1071
2022-05-18,97.57,97.949997,94.43,95.290001,93.026306,1184300,1072
2022-05-19,93.709999,94.620003,91.419998,92.089996,89.902321,1286600,1073
2022-05-20,93.690002,93.75,90.169998,93.239998,91.025002,1387200,1074
2022-05-23,92.660004,94.410004,88.059998,90.949997,88.789398,2187600,1075
2022-05-24,90.059998,93.910004,86.550003,91.139999,88.974892,2881300,1076
2022-05-25,89.839996,97.029999,89.57,93.690002,91.464317,1777400,1077
2022-05-26,95.949997,100.25,95.349998,98.410004,96.072189,1103500,1078
2022-05-27,98.059998,100.150002,97.699997,98.870003,96.521263,1193600,1079
2022-05-31,98.790001,101.870003,97.059998,101.089996,98.688522,1608200,1080
2022-06-01,102.220001,103.349998,99.849998,101.190002,98.786148,1178100,1081
2022-06-02,102.290001,104.150002,101.120003,104.099998,101.627014,1005000,1082
2022-06-03,102.75,106.07,102.019997,105.190002,102.691124,1054700,1083
2022-06-06,105.839996,105.949997,104.370003,105.830002,103.315926,835700,1084
2022-06-07,104,107.110001,104,106.529999,103.999283,974200,1085
2022-06-08,105.18,106.220001,104.139999,104.440002,101.958939,1083200,1086
2022-06-09,103.809998,104.43,102.660004,103.18,100.728874,1339100,1087
2022-06-10,100.519997,102.389999,99.68,99.790001,97.419411,1763500,1088
2022-06-13,95.93,96.809998,93.150002,94.389999,92.147682,1169100,1089
2022-06-14,95.07,96.169998,94.040001,94.57,92.32341,654700,1090
2022-06-15,95.650002,97.040001,94,95.870003,93.592529,627500,1091
2022-06-16,92.230003,92.360001,86.540001,87.139999,85.069916,1158900,1092
2022-06-17,87.029999,90.470001,86.720001,89.709999,87.578857,1807800,1093
2022-06-21,92.410004,93.029999,89.730003,92.160004,89.970657,1457900,1094
2022-06-22,90.339996,93.529999,90.339996,92.269997,90.078041,1176500,1095
2022-06-23,93.040001,94.040001,92.099998,93.330002,91.112862,798200,1096
2022-06-24,94.360001,96.57,93.529999,96.349998,94.061119,943300,1097
2022-06-27,96.940002,96.940002,93.82,94.190002,91.952438,749200,1098
2022-06-28,95.769997,97.389999,92.940002,93.07,90.859039,672100,1099
2022-06-29,92.699997,92.699997,90.190002,91.529999,89.355621,914100,1100
2022-06-30,89.150002,90.150002,88.089996,89.650002,88.243355,1502700,1101
2022-07-01,89.550003,91.139999,88.5,90.699997,89.276878,748600,1102
2022-07-05,89.360001,90.839996,88.419998,90.75,89.326096,866100,1103
2022-07-06,90.449997,91.870003,88.769997,90.040001,88.627243,956900,1104
2022-07-07,91.330002,93.239998,90.559998,93.139999,91.678596,787900,1105
2022-07-08,93.300003,93.870003,90.93,93.199997,91.737648,421700,1106
2022-07-11,91.720001,92.93,90.459999,91.800003,90.359627,487500,1107
2022-07-12,91.400002,94.620003,91.400002,93.279999,91.816399,856100,1108
2022-07-13,91.919998,94.190002,91.029999,93.940002,92.466049,643800,1109
2022-07-14,92.330002,93.339996,91.970001,92.589996,91.137222,766800,1110
2022-07-15,93.650002,94.410004,91.730003,93.010002,91.550636,771600,1111
2022-07-18,94.290001,95.300003,92.080002,92.230003,90.782875,769800,1112
2022-07-19,93.940002,97.589996,93.5,97.040001,95.51741,933200,1113
2022-07-20,96.849998,98.459999,95.860001,98.169998,96.629669,752400,1114
2022-07-21,96.389999,98.400002,95.949997,98.220001,96.678894,590300,1115
2022-07-22,98.709999,99.589996,96.580002,96.940002,95.418976,715600,1116
2022-07-25,97.790001,97.790001,95.940002,96.779999,95.261482,600300,1117
2022-07-26,93.550003,94.410004,90.559998,90.629997,89.207977,1140200,1118
2022-07-27,91.779999,95.379997,91.050003,95.239998,93.745644,810900,1119
2022-07-28,95.519997,97.519997,94.540001,97.339996,95.812698,486400,1120
2022-07-29,97.699997,98.860001,95.779999,98.629997,97.082451,592800,1121
2022-08-01,97.889999,99.339996,96.809998,97.940002,96.40329,797000,1122
2022-08-02,96.800003,96.839996,94.940002,94.970001,93.479881,586800,1123
2022-08-03,96.120003,99.300003,96.120003,98.360001,96.816689,907400,1124
2022-08-04,98.050003,99.239998,97.519997,98.730003,97.180885,566500,1125
2022-08-05,97.580002,100.550003,97.099998,100.220001,98.647507,907800,1126
2022-08-08,101.040001,103.82,100.860001,101.160004,99.572762,1362800,1127
2022-08-09,101.309998,102.639999,93.650002,96.769997,95.25164,1942700,1128
2022-08-10,98.989998,99.489998,95.089996,95.519997,94.021248,1416700,1129
2022-08-11,96.839996,102.410004,96.410004,99.120003,97.564774,1409600,1130
2022-08-12,99.57,99.980003,97.900002,98.839996,97.289162,680400,1131
2022-08-15,97.650002,98.660004,96.660004,98.470001,96.924965,769400,1132
2022-08-16,97.769997,101.059998,97.769997,100.860001,99.277466,1136300,1133
2022-08-17,98.940002,99.010002,96.839996,98.120003,96.58046,1130000,1134
2022-08-18,97.349998,99.239998,95.860001,99.209999,97.653351,753200,1135
2022-08-19,98.739998,98.739998,96.459999,98.059998,96.521393,801900,1136
2022-08-22,95.830002,96.120003,94.419998,95.150002,93.657059,1201900,1137
2022-08-23,95.580002,98.370003,95.110001,95.269997,93.775169,701300,1138
2022-08-24,95.150002,95.709999,94.129997,95.080002,93.588158,1019200,1139
2022-08-25,95.150002,98.330002,95.040001,98.25,96.70842,1063200,1140
2022-08-26,99,99.910004,94.089996,94.099998,92.623528,981000,1141
2022-08-29,92.970001,95,92.410004,93.129997,91.668747,798200,1142
2022-08-30,94.029999,95.239998,92.989998,94.449997,92.96804,834600,1143
2022-08-31,94.75,94.75,90.839996,91.330002,89.896996,1374700,1144
2022-09-01,91.230003,91.629997,88.779999,90.050003,88.637085,1476400,1145
2022-09-02,91.279999,91.830002,89.209999,90.010002,88.597702,1061100,1146
2022-09-06,90.720001,91.129997,87.400002,89.5,88.095711,1086100,1147
2022-09-07,89.419998,92.839996,89.389999,92.440002,90.989586,1084500,1148
2022-09-08,91.510002,94.519997,90.019997,94.220001,92.741653,1173300,1149
2022-09-09,95.290001,97.120003,95.290001,96.540001,95.025253,962800,1150
2022-09-12,97.720001,99.949997,97.440002,99.169998,97.613983,972100,1151
2022-09-13,96.019997,97.010002,93.529999,94.099998,92.623528,687500,1152
2022-09-14,94.489998,94.660004,92.449997,93.800003,92.328239,660000,1153
2022-09-15,93.730003,96.32,92.470001,93.080002,91.619537,1438400,1154
2022-09-16,91.879997,93.989998,91.589996,93.489998,92.023102,1778300,1155
2022-09-19,94.629997,96.389999,92.75,96.269997,94.759483,1229200,1156
2022-09-20,95.800003,98.669998,93.709999,94.209999,92.731804,1541900,1157
2022-09-21,95.160004,96.089996,92.290001,92.309998,90.86161,995600,1158
2022-09-22,92.220001,92.220001,88.309998,88.389999,87.003128,988400,1159
2022-09-23,86.790001,87.440002,83.599998,85.43,84.089569,1309100,1160
2022-09-26,85.300003,86.230003,83.919998,83.959999,82.642632,747300,1161
2022-09-27,85.449997,86.550003,84.07,85.519997,84.178154,1156200,1162
2022-09-28,86.050003,89.510002,86.050003,88.989998,87.593712,1152000,1163
2022-09-29,86.809998,88.510002,85.5,87.269997,86.630814,1372600,1164
2022-09-30,85.239998,87.389999,82.230003,84.93,84.307953,1357500,1165
2022-10-03,86.25,87.669998,84.050003,86.860001,86.223816,960500,1166
2022-10-04,89.279999,91.75,88.889999,91.75,91.078003,1007000,1167
2022-10-05,90.459999,94.470001,89.809998,94.019997,93.331375,1142700,1168
2022-10-06,93.529999,94.690002,92.93,93.529999,92.844963,742700,1169
2022-10-07,92.32,92.32,89.809998,90.760002,90.095253,831000,1170
2022-10-10,91.260002,91.610001,86.980003,88.639999,87.990784,1285200,1171
2022-10-11,88.440002,91.529999,87.849998,90.559998,89.896713,1183800,1172
2022-10-12,90.809998,93.260002,89.970001,92.519997,91.842361,958700,1173
2022-10-13,90.339996,95.5,88.300003,94.120003,93.430649,1301400,1174
2022-10-14,94.989998,95.519997,91.75,92.540001,91.862221,799600,1175
2022-10-17,94.010002,95.309998,93.480003,94.940002,94.244644,683400,1176
2022-10-18,97.099998,97.760002,93.790001,94.440002,93.748306,814300,1177
2022-10-19,93.739998,94.510002,91.300003,91.779999,91.10778,718800,1178
2022-10-20,92.07,94.489998,89.419998,89.699997,89.043015,831300,1179
2022-10-21,89.489998,91.480003,88.68,90.709999,90.045616,1223400,1180
2022-10-24,90.760002,91.160004,88.5,89.160004,88.506973,886400,1181
2022-10-25,89.139999,94.199997,89.139999,93.809998,93.12291,968900,1182
2022-10-26,93.43,96.669998,92.849998,93.519997,92.835037,752600,1183
2022-10-27,94.25,94.980003,91.599998,91.82,91.147491,443100,1184
2022-10-28,91.470001,93.75,90.07,93.279999,92.596794,526800,1185
2022-10-31,92.290001,93.349998,91.419998,92.690002,92.011124,923900,1186
2022-11-01,95.019997,95.769997,92.209999,93.510002,92.825111,659900,1187
2022-11-02,92.910004,93.449997,90.199997,90.300003,89.638626,900000,1188
2022-11-03,89.379997,91.940002,88.68,90.699997,90.03569,728900,1189
2022-11-04,92.300003,96.269997,92.300003,95.059998,94.363754,882400,1190
2022-11-07,95.510002,95.559998,91.769997,94.57,93.87735,992800,1191
2022-11-08,95.559998,97.339996,93.660004,95.150002,94.453102,860800,1192
2022-11-09,95.07,95.199997,90.089996,90.239998,89.579063,1166400,1193
2022-11-10,94.370003,97.580002,93.129997,95.449997,94.7509,1838000,1194
2022-11-11,96.32,105.980003,96.32,104.379997,103.615494,2300000,1195
2022-11-14,102.639999,103.400002,101.18,101.339996,100.597763,858800,1196
2022-11-15,103.730003,104.580002,101.5,103.870003,103.109238,957800,1197
2022-11-16,101.790001,101.790001,99.410004,100.120003,99.386703,933200,1198
2022-11-17,98.349998,102.139999,97.419998,102.07,101.322418,728300,1199
2022-11-18,103.940002,104.360001,100.919998,102.870003,102.116562,586100,1200
2022-11-21,101.779999,102.400002,100.349998,101.169998,100.429008,508900,1201
2022-11-22,102.389999,106.370003,102.349998,106.220001,105.442024,917300,1202
2022-11-23,105.510002,107.190002,104.879997,107.099998,106.315575,598400,1203
2022-11-25,107.269997,110.330002,107.260002,109.470001,108.668221,759900,1204
2022-11-28,108.440002,109.43,107.5,107.949997,107.159348,1020900,1205
2022-11-29,109.239998,113.470001,108.900002,112.660004,111.834854,1284600,1206
2022-11-30,113.32,113.370003,111.410004,113.120003,112.291489,1530700,1207
2022-12-01,113.68,115.18,112.550003,113.879997,113.045914,950700,1208
2022-12-02,113,116.120003,112.540001,115.559998,114.713608,888300,1209
2022-12-05,113.389999,113.739998,109.790001,111.010002,110.196938,1219100,1210
2022-12-06,111.860001,112.449997,109.540001,110.82,110.008331,1198000,1211
2022-12-07,110.459999,111.970001,109.099998,109.779999,108.975945,565200,1212
2022-12-08,111.190002,113.099998,110.610001,112.129997,111.308731,733200,1213
2022-12-09,111.059998,111.120003,107.370003,107.510002,106.722572,782100,1214
2022-12-12,108.160004,111.370003,107.239998,111.220001,110.405403,877000,1215
2022-12-13,115,115.330002,109.599998,111.160004,110.34584,906100,1216
2022-12-14,110.989998,111.809998,108.970001,110.470001,109.660896,758800,1217
2022-12-15,108.07,108.279999,105.970001,106.57,105.789459,875100,1218
2022-12-16,104.610001,106.089996,103.449997,105.18,104.409637,2181900,1219
2022-12-19,105.629997,105.709999,102.529999,103.019997,102.265457,959000,1220
2022-12-20,102.75,103.669998,100.82,101.650002,100.905495,886300,1221
2022-12-21,103.889999,104.709999,102.599998,103.330002,102.573189,769900,1222
2022-12-22,102.300003,103.870003,101.949997,103.760002,103.000038,497600,1223
2022-12-23,103.68,104.769997,103.07,104.360001,103.595642,487800,1224
2022-12-27,104.93,105.889999,103.650002,104.239998,103.476524,435000,1225
2022-12-28,104.07,105.099998,101.190002,102.400002,101.650002,758300,1226
2022-12-29,102.57,104.959999,102.269997,104.68,104.68,442500,1227
2022-12-30,103.220001,105.860001,103.220001,105.669998,105.669998,433100,1228
2023-01-03,107.489998,110.110001,106.870003,109.110001,109.110001,1150200,1229
2023-01-04,110.410004,114.269997,110.010002,113.160004,113.160004,1085300,1230
2023-01-05,112.510002,115.32,111.690002,114.459999,114.459999,854700,1231
2023-01-06,115.370003,116.330002,114.5,115.970001,115.970001,534300,1232
2023-01-09,115.989998,116.300003,114.230003,114.379997,114.379997,759400,1233
2023-01-10,113.389999,114.82,113.139999,114.080002,114.080002,637200,1234
2023-01-11,114.629997,117.790001,114.300003,116.220001,116.220001,823500,1235
2023-01-12,116.870003,119.480003,116.690002,119.43,119.43,1159500,1236
2023-01-13,118,119.82,117.309998,118.809998,118.809998,618000,1237
2023-01-17,118.459999,119.739998,118.190002,119.269997,119.269997,693100,1238
2023-01-18,119.75,121.449997,118.82,118.919998,118.919998,651700,1239
2023-01-19,117.760002,118.029999,115.470001,117.339996,117.339996,610200,1240
2023-01-20,119.709999,121.879997,118.360001,121.050003,121.050003,859100,1241
2023-01-23,120.639999,127.309998,120.260002,126.870003,126.870003,1392800,1242
2023-01-24,125.800003,127.43,124.550003,126.300003,126.300003,619200,1243
2023-01-25,125.019997,125.389999,122.540001,123.980003,123.980003,785900,1244
2023-01-26,125.260002,125.769997,122.209999,124.209999,124.209999,889600,1245
2023-01-27,119.900002,123.25,118.330002,122.82,122.82,1285100,1246
2023-01-30,121.489998,123.800003,121.449997,121.860001,121.860001,1004100,1247
2023-01-31,122.349998,124.07,121.589996,123.849998,123.849998,978100,1248
2023-02-01,123.959999,128.059998,123.360001,127.730003,127.730003,1160400,1249
2023-02-02,127.669998,128.940002,125.589996,126.900002,126.900002,1087600,1250
2023-02-03,124.699997,128.589996,123.199997,125.889999,125.889999,881000,1251
2023-02-06,124.720001,124.739998,120.720001,120.970001,120.970001,1297500,1252
2023-02-07,120.209999,122.519997,119.400002,122.300003,122.300003,929800,1253
2023-02-08,114.75,118.25,113.669998,117.080002,117.080002,2929500,1254
2023-02-09,120.019997,123.309998,116.769997,117.620003,117.620003,2474200,1255
2023-02-10,117.110001,118.730003,115.150002,118.209999,118.209999,1382000,1256
2023-02-13,120.169998,123.589996,118.82,122.879997,122.879997,1442600,1257